hero2,hero2_name
https://w3id.org/um/ken4256/hero/3_d_man_charles_chan,3-D MAN/CHARLES CHAN
https://w3id.org/um/ken4256/hero/angel_warren_kenneth,ANGEL/WARREN KENNETH
https://w3id.org/um/ken4256/hero/ant_man_ii_scott_har,ANT-MAN II/SCOTT HAR
https://w3id.org/um/ken4256/hero/aurora_jeanne_marie,AURORA/JEANNE-MARIE 
https://w3id.org/um/ken4256/hero/black_panther_t_chal,BLACK PANTHER/T'CHAL
https://w3id.org/um/ken4256/hero/black_widow_natasha,BLACK WIDOW/NATASHA 
https://w3id.org/um/ken4256/hero/cage_luke_carl_luca,"CAGE, LUKE/CARL LUCA"
https://w3id.org/um/ken4256/hero/captain_america,CAPTAIN AMERICA
https://w3id.org/um/ken4256/hero/collective_man,COLLECTIVE MAN
https://w3id.org/um/ken4256/hero/crystal_inhuman,CRYSTAL [INHUMAN]
https://w3id.org/um/ken4256/hero/cyclops_scott_summer,CYCLOPS/SCOTT SUMMER
https://w3id.org/um/ken4256/hero/darkstar_laynia_serg,DARKSTAR/LAYNIA SERG
https://w3id.org/um/ken4256/hero/defensor,DEFENSOR
https://w3id.org/um/ken4256/hero/dr_druid_anthony_lu,DR. DRUID/ANTHONY LU
https://w3id.org/um/ken4256/hero/dr_strange_stephen,DR. STRANGE/STEPHEN 
https://w3id.org/um/ken4256/hero/gorilla_man,GORILLA-MAN
https://w3id.org/um/ken4256/hero/hawk,HAWK
https://w3id.org/um/ken4256/hero/human_robot,HUMAN ROBOT
https://w3id.org/um/ken4256/hero/igor,IGOR
https://w3id.org/um/ken4256/hero/ikaris_ike_harris_e,IKARIS/IKE HARRIS [E
https://w3id.org/um/ken4256/hero/invisible_woman_sue,INVISIBLE WOMAN/SUE 
https://w3id.org/um/ken4256/hero/jack_of_hearts_jack,JACK OF HEARTS/JACK 
https://w3id.org/um/ken4256/hero/jones_richard_milho,"JONES, RICHARD MILHO"
https://w3id.org/um/ken4256/hero/karnak_inhuman,KARNAK [INHUMAN]
https://w3id.org/um/ken4256/hero/lobo,LOBO
https://w3id.org/um/ken4256/hero/lockjaw_inhuman,LOCKJAW [INHUMAN]
https://w3id.org/um/ken4256/hero/marvel_boy_iii_rober,MARVEL BOY III/ROBER
https://w3id.org/um/ken4256/hero/mikhlo,MIKHLO
https://w3id.org/um/ken4256/hero/mockingbird_dr_barb,MOCKINGBIRD/DR. BARB
https://w3id.org/um/ken4256/hero/norriss_sister_barb,"NORRISS, SISTER BARB"
https://w3id.org/um/ken4256/hero/pharaoh_rama_tut,PHARAOH RAMA-TUT
https://w3id.org/um/ken4256/hero/professor_x_charles,PROFESSOR X/CHARLES 
https://w3id.org/um/ken4256/hero/quicksilver_pietro_m,QUICKSILVER/PIETRO M
https://w3id.org/um/ken4256/hero/sabra_ruth_bat_serap,SABRA/RUTH BAT-SERAP
https://w3id.org/um/ken4256/hero/sasquatch_walter_lan,SASQUATCH/WALTER LAN
https://w3id.org/um/ken4256/hero/scarlet_witch_wanda,SCARLET WITCH/WANDA 
https://w3id.org/um/ken4256/hero/shadowcat_katherine,SHADOWCAT/KATHERINE 
https://w3id.org/um/ken4256/hero/she_hulk_jennifer_wa,SHE-HULK/JENNIFER WA
https://w3id.org/um/ken4256/hero/shroud_maximillian_q,SHROUD/MAXIMILLIAN Q
https://w3id.org/um/ken4256/hero/sloan_fred,"SLOAN, FRED"
https://w3id.org/um/ken4256/hero/thing_benjamin_j_gr,THING/BENJAMIN J. GR
https://w3id.org/um/ken4256/hero/torpedo_iii_brock_jo,TORPEDO III/BROCK JO
https://w3id.org/um/ken4256/hero/ursa_major_mikhail_u,URSA MAJOR/MIKHAIL U
https://w3id.org/um/ken4256/hero/venus_ii,VENUS II
https://w3id.org/um/ken4256/hero/whizzer_robert_l_fr,WHIZZER/ROBERT L. FR
https://w3id.org/um/ken4256/hero/balder_asgardian,BALDER [ASGARDIAN]
https://w3id.org/um/ken4256/hero/ballantine_kayla,"BALLANTINE, KAYLA"
https://w3id.org/um/ken4256/hero/captain_marvel_capta,CAPTAIN MARVEL/CAPTA
https://w3id.org/um/ken4256/hero/eon,EON
https://w3id.org/um/ken4256/hero/fandral_asgardian,FANDRAL [ASGARDIAN]
https://w3id.org/um/ken4256/hero/ferrari_connie,"FERRARI, CONNIE"
https://w3id.org/um/ken4256/hero/fury_col_nicholas,"FURY, COL. NICHOLAS "
https://w3id.org/um/ken4256/hero/grey_gargoyle_paul_p,GREY GARGOYLE/PAUL P
https://w3id.org/um/ken4256/hero/heimdall_asgardian,HEIMDALL [ASGARDIAN]
https://w3id.org/um/ken4256/hero/hogun_asgardian,HOGUN [ASGARDIAN]
https://w3id.org/um/ken4256/hero/iron_man_tony_stark,IRON MAN/TONY STARK 
https://w3id.org/um/ken4256/hero/jameson_j_jonah,"JAMESON, J. JONAH"
https://w3id.org/um/ken4256/hero/loki_asgardian,LOKI [ASGARDIAN]
https://w3id.org/um/ken4256/hero/moondragon_heather_d,MOONDRAGON/HEATHER D
https://w3id.org/um/ken4256/hero/odin_asgardian,ODIN [ASGARDIAN]
https://w3id.org/um/ken4256/hero/sif,SIF
https://w3id.org/um/ken4256/hero/stranger,STRANGER
https://w3id.org/um/ken4256/hero/thor_dr_donald_blak,THOR/DR. DONALD BLAK
https://w3id.org/um/ken4256/hero/volstagg,VOLSTAGG
https://w3id.org/um/ken4256/hero/zarrko_arthur,"ZARRKO, ARTHUR"
https://w3id.org/um/ken4256/hero/sleepwalker,SLEEPWALKER
https://w3id.org/um/ken4256/hero/nightcrawler_kurt_wa,NIGHTCRAWLER/KURT WA
https://w3id.org/um/ken4256/hero/rogue,ROGUE /
https://w3id.org/um/ken4256/hero/captain_britain_bria,CAPTAIN BRITAIN/BRIA
https://w3id.org/um/ken4256/hero/colossus_ii_peter_ra,COLOSSUS II/PETER RA
https://w3id.org/um/ken4256/hero/meggan,MEGGAN
https://w3id.org/um/ken4256/hero/spiral,SPIRAL
https://w3id.org/um/ken4256/hero/wisdom_peter,"WISDOM, PETER"
https://w3id.org/um/ken4256/hero/wolfsbane_rahne_sinc,WOLFSBANE/RAHNE SINC
https://w3id.org/um/ken4256/hero/daredevil_matt_murdo,DAREDEVIL/MATT MURDO
https://w3id.org/um/ken4256/hero/gladiator_melvin_pot,GLADIATOR/MELVIN POT
https://w3id.org/um/ken4256/hero/kingpin_wilson_fisk,KINGPIN/WILSON FISK
https://w3id.org/um/ken4256/hero/beast_henry_hank_p,BEAST/HENRY &HANK& P
https://w3id.org/um/ken4256/hero/gambit_remy_lebeau,GAMBIT/REMY LEBEAU 
https://w3id.org/um/ken4256/hero/jubilee_jubilation_l,JUBILEE/JUBILATION L
https://w3id.org/um/ken4256/hero/mr_fantastic_reed_r,MR. FANTASTIC/REED R
https://w3id.org/um/ken4256/hero/mystique_raven_darkh,MYSTIQUE/RAVEN DARKH
https://w3id.org/um/ken4256/hero/wolverine_logan,WOLVERINE/LOGAN 
https://w3id.org/um/ken4256/hero/boomer_tabitha_smith,BOOMER/TABITHA SMITH
https://w3id.org/um/ken4256/hero/cannonball_ii_sam_gu,CANNONBALL II/SAM GU
https://w3id.org/um/ken4256/hero/domino_iii_beatrice,DOMINO III/BEATRICE/
https://w3id.org/um/ken4256/hero/thunderbird_ii_james,THUNDERBIRD II/JAMES
https://w3id.org/um/ken4256/hero/abomination_emil_blo,ABOMINATION/EMIL BLO
https://w3id.org/um/ken4256/hero/achilles_ii_helmut,ACHILLES II/HELMUT
https://w3id.org/um/ken4256/hero/andromeda_andromeda,ANDROMEDA/ANDROMEDA 
https://w3id.org/um/ken4256/hero/ant_man_dr_henry_j,ANT-MAN/DR. HENRY J.
https://w3id.org/um/ken4256/hero/atalanta,ATALANTA
https://w3id.org/um/ken4256/hero/banner_betty_ross_t,"BANNER, BETTY ROSS T"
https://w3id.org/um/ken4256/hero/bereet,BEREET
https://w3id.org/um/ken4256/hero/callisto,CALLISTO
https://w3id.org/um/ken4256/hero/cushing_kate,"CUSHING, KATE"
https://w3id.org/um/ken4256/hero/doc_samson_dr_leona,DOC SAMSON/DR. LEONA
https://w3id.org/um/ken4256/hero/dornova_blonsky_nad,"DORNOVA-BLONSKY, NAD"
https://w3id.org/um/ken4256/hero/electro_max_dillon,ELECTRO/MAX DILLON
https://w3id.org/um/ken4256/hero/falcon_sam_wilson,FALCON/SAM WILSON
https://w3id.org/um/ken4256/hero/firebird_bonita_juar,FIREBIRD/BONITA JUAR
https://w3id.org/um/ken4256/hero/ghaur_deviant,GHAUR [DEVIANT]
https://w3id.org/um/ken4256/hero/havok_alex_summers,HAVOK/ALEX SUMMERS 
https://w3id.org/um/ken4256/hero/hotshot_louis,HOTSHOT/LOUIS
https://w3id.org/um/ken4256/hero/hulk_dr_robert_bruc,HULK/DR. ROBERT BRUC
https://w3id.org/um/ken4256/hero/ironclad,IRONCLAD
https://w3id.org/um/ken4256/hero/leader_sam_sterns,LEADER/SAM STERNS
https://w3id.org/um/ken4256/hero/lipscomb_dr_angela,"LIPSCOMB, DR. ANGELA"
https://w3id.org/um/ken4256/hero/marrow_sarah,MARROW/SARAH 
https://w3id.org/um/ken4256/hero/mercado_joy,"MERCADO, JOY"
https://w3id.org/um/ken4256/hero/modok_george_tarleto,MODOK/GEORGE TARLETO
https://w3id.org/um/ken4256/hero/paris,PARIS
https://w3id.org/um/ken4256/hero/psylocke_elisabeth_b,PSYLOCKE/ELISABETH B
https://w3id.org/um/ken4256/hero/rahn_tamara,"RAHN, TAMARA"
https://w3id.org/um/ken4256/hero/red_wolf_iii_will_ta,RED WOLF III/WILL TA
https://w3id.org/um/ken4256/hero/rhino,RHINO
https://w3id.org/um/ken4256/hero/richards_franklin_b,"RICHARDS, FRANKLIN B"
https://w3id.org/um/ken4256/hero/rock_samuel_john_roc,ROCK/SAMUEL JOHN ROC
https://w3id.org/um/ken4256/hero/ross_gen_thaddeus,"ROSS, GEN. THADDEUS "
https://w3id.org/um/ken4256/hero/set,SET
https://w3id.org/um/ken4256/hero/silver_surfer_norrin,SILVER SURFER/NORRIN
https://w3id.org/um/ken4256/hero/stingray_dr_walter,STINGRAY/DR. WALTER 
https://w3id.org/um/ken4256/hero/storm_ororo_munroe_s,STORM/ORORO MUNROE S
https://w3id.org/um/ken4256/hero/sub_mariner_namor_ma,SUB-MARINER/NAMOR MA
https://w3id.org/um/ken4256/hero/talbot_glenn,"TALBOT, GLENN"
https://w3id.org/um/ken4256/hero/thunderstrike_eric_k,THUNDERSTRIKE/ERIC K
https://w3id.org/um/ken4256/hero/triton,TRITON
https://w3id.org/um/ken4256/hero/tyrannus,TYRANNUS
https://w3id.org/um/ken4256/hero/vapor,VAPOR
https://w3id.org/um/ken4256/hero/vector,VECTOR
https://w3id.org/um/ken4256/hero/watson_parker_mary,"WATSON-PARKER, MARY "
https://w3id.org/um/ken4256/hero/wilson_jim,"WILSON, JIM"
https://w3id.org/um/ken4256/hero/wonder_man_simon_wil,WONDER MAN/SIMON WIL
https://w3id.org/um/ken4256/hero/x_man_nathan_grey,X-MAN/NATHAN GREY 
https://w3id.org/um/ken4256/hero/mason_louise,"MASON, LOUISE"
https://w3id.org/um/ken4256/hero/eternity_adam_qadmon,ETERNITY/ADAM QADMON
https://w3id.org/um/ken4256/hero/human_torch_johnny_s,HUMAN TORCH/JOHNNY S
https://w3id.org/um/ken4256/hero/uatu,UATU
https://w3id.org/um/ken4256/hero/blaquesmith,BLAQUESMITH
https://w3id.org/um/ken4256/hero/selene,SELENE
https://w3id.org/um/ken4256/hero/siryn_theresa_rourke,SIRYN/THERESA ROURKE
https://w3id.org/um/ken4256/hero/stryfe,STRYFE
https://w3id.org/um/ken4256/hero/summers_nathan_chri,"SUMMERS, NATHAN CHRI"
https://w3id.org/um/ken4256/hero/sunspot_roberto_daco,SUNSPOT/ROBERTO DACO
https://w3id.org/um/ken4256/hero/absorbing_man_carl_c,ABSORBING MAN/CARL C
https://w3id.org/um/ken4256/hero/apocalypse_en_sabah,APOCALYPSE/EN SABAH 
https://w3id.org/um/ken4256/hero/austin_susan,"AUSTIN, SUSAN"
https://w3id.org/um/ken4256/hero/batroc_georges_batro,BATROC/GEORGES BATRO
https://w3id.org/um/ken4256/hero/beyonder,BEYONDER
https://w3id.org/um/ken4256/hero/binary_carol_danvers,BINARY/CAROL DANVERS
https://w3id.org/um/ken4256/hero/black_knight_v_dane,BLACK KNIGHT V/DANE 
https://w3id.org/um/ken4256/hero/black_mamba_tanya_se,BLACK MAMBA/TANYA SE
https://w3id.org/um/ken4256/hero/blackout_marcus_dani,BLACKOUT/MARCUS DANI
https://w3id.org/um/ken4256/hero/bulldozer_henry_camp,BULLDOZER/HENRY CAMP
https://w3id.org/um/ken4256/hero/byrrah_atlantean,BYRRAH [ATLANTEAN]
https://w3id.org/um/ken4256/hero/captain_marvel_ii_mo,CAPTAIN MARVEL II/MO
https://w3id.org/um/ken4256/hero/citizen_v_ii_helmut,CITIZEN V II/HELMUT 
https://w3id.org/um/ken4256/hero/crossbones_brock_bin,CROSSBONES/BROCK BIN
https://w3id.org/um/ken4256/hero/dazzler_ii_allison_b,DAZZLER II/ALLISON B
https://w3id.org/um/ken4256/hero/dr_doom_victor_von,DR. DOOM/VICTOR VON 
https://w3id.org/um/ken4256/hero/dr_octopus_otto_oct,DR. OCTOPUS/OTTO OCT
https://w3id.org/um/ken4256/hero/dugan_timothy_aloyi,"DUGAN, TIMOTHY ALOYI"
https://w3id.org/um/ken4256/hero/enchantress_amora_he,ENCHANTRESS/AMORA/HE
https://w3id.org/um/ken4256/hero/fairmont_hannah,"FAIRMONT, HANNAH"
https://w3id.org/um/ken4256/hero/fielstein_fireworks,"FIELSTEIN, FIREWORKS"
https://w3id.org/um/ken4256/hero/fixer_ii_paul_norber,FIXER II/PAUL NORBER
https://w3id.org/um/ken4256/hero/freeman_derek,"FREEMAN, DEREK"
https://w3id.org/um/ken4256/hero/galactus_galan,GALACTUS/GALAN
https://w3id.org/um/ken4256/hero/green_goblin_norman,GREEN GOBLIN/NORMAN 
https://w3id.org/um/ken4256/hero/gyrich_henry_peter,"GYRICH, HENRY PETER"
https://w3id.org/um/ken4256/hero/gyrich_henry_peter,"GYRICH, HENRY PETER "
https://w3id.org/um/ken4256/hero/hammerhead,HAMMERHEAD
https://w3id.org/um/ken4256/hero/hercules_greek_god,HERCULES [GREEK GOD]
https://w3id.org/um/ken4256/hero/hildy_asgardian,HILDY [ASGARDIAN]
https://w3id.org/um/ken4256/hero/hydroman_morrie_benc,HYDROMAN/MORRIE BENC
https://w3id.org/um/ken4256/hero/iron_man_iv_james_r,IRON MAN IV/JAMES R.
https://w3id.org/um/ken4256/hero/jarvis_edwin,"JARVIS, EDWIN "
https://w3id.org/um/ken4256/hero/juggernaut_cain_mark,JUGGERNAUT/CAIN MARK
https://w3id.org/um/ken4256/hero/kamo_tharnn,KAMO THARNN
https://w3id.org/um/ken4256/hero/kincaid_dr_jane_fo,"KINCAID, DR. JANE FO"
https://w3id.org/um/ken4256/hero/kincaid_dr_keith,"KINCAID, DR. KEITH"
https://w3id.org/um/ken4256/hero/klaw_ulysses_klaw,KLAW/ULYSSES KLAW
https://w3id.org/um/ken4256/hero/leeds_betty_brant,"LEEDS, BETTY BRANT"
https://w3id.org/um/ken4256/hero/lizard_dr_curtis_co,LIZARD/DR. CURTIS CO
https://w3id.org/um/ken4256/hero/lockheed,LOCKHEED
https://w3id.org/um/ken4256/hero/lorelei_ii_melodi_a,LORELEI II/MELODI [A
https://w3id.org/um/ken4256/hero/lyja_lazerfist_skru,LYJA LAZERFIST [SKRU
https://w3id.org/um/ken4256/hero/magneto_magnus_eric,MAGNETO/MAGNUS/ERIC 
https://w3id.org/um/ken4256/hero/marrero_ed,"MARRERO, ED"
https://w3id.org/um/ken4256/hero/marvel_girl_ii_valer,MARVEL GIRL II/VALER
https://w3id.org/um/ken4256/hero/maximoff_django,"MAXIMOFF, DJANGO"
https://w3id.org/um/ken4256/hero/medusa_medusalith_am,MEDUSA/MEDUSALITH AM
https://w3id.org/um/ken4256/hero/mentallo,MENTALLO
https://w3id.org/um/ken4256/hero/mister_hyde_calvin_z,MISTER HYDE/CALVIN Z
https://w3id.org/um/ken4256/hero/molecule_man_owen_re,MOLECULE MAN/OWEN RE
https://w3id.org/um/ken4256/hero/moonstone_ii_karla_s,MOONSTONE II/KARLA S
https://w3id.org/um/ken4256/hero/nelson_franklin_fog,"NELSON, FRANKLIN FOG"
https://w3id.org/um/ken4256/hero/o_brien_michael,"O'BRIEN, MICHAEL"
https://w3id.org/um/ken4256/hero/ozymandias,OZYMANDIAS
https://w3id.org/um/ken4256/hero/page_karen,"PAGE, KAREN"
https://w3id.org/um/ken4256/hero/piledriver_ii_brian,PILEDRIVER II/BRIAN 
https://w3id.org/um/ken4256/hero/quasar_iii_wendell_v,QUASAR III/WENDELL V
https://w3id.org/um/ken4256/hero/rassitano_mad_dog,"RASSITANO, MAD DOG"
https://w3id.org/um/ken4256/hero/red_ghost_ivan_krago,RED GHOST/IVAN KRAGO
https://w3id.org/um/ken4256/hero/redwing,REDWING
https://w3id.org/um/ken4256/hero/robertson_joe,"ROBERTSON, JOE"
https://w3id.org/um/ken4256/hero/ruiz_rigger,"RUIZ, RIGGER"
https://w3id.org/um/ken4256/hero/screaming_mimi_melis,SCREAMING MIMI/MELIS
https://w3id.org/um/ken4256/hero/silvermane_silvio_ma,SILVERMANE/SILVIO MA
https://w3id.org/um/ken4256/hero/spider_man_peter_par,SPIDER-MAN/PETER PAR
https://w3id.org/um/ken4256/hero/spider_woman_ii_juli,SPIDER-WOMAN II/JULI
https://w3id.org/um/ken4256/hero/stone_lt_marcus,"STONE, LT. MARCUS"
https://w3id.org/um/ken4256/hero/tanaka_kenjiro,"TANAKA, KENJIRO"
https://w3id.org/um/ken4256/hero/thena,THENA
https://w3id.org/um/ken4256/hero/thompson_eugene_fla,"THOMPSON, EUGENE FLA"
https://w3id.org/um/ken4256/hero/thunderball_dr_elio,THUNDERBALL/DR. ELIO
https://w3id.org/um/ken4256/hero/tiger_shark_todd_arl,TIGER SHARK/TODD ARL
https://w3id.org/um/ken4256/hero/titania_ii_mary_skee,TITANIA II/MARY SKEE
https://w3id.org/um/ken4256/hero/ultron,ULTRON
https://w3id.org/um/ken4256/hero/uroc,UROC
https://w3id.org/um/ken4256/hero/vision,VISION 
https://w3id.org/um/ken4256/hero/vizier,VIZIER
https://w3id.org/um/ken4256/hero/volcana_marsha_rosen,VOLCANA/MARSHA ROSEN
https://w3id.org/um/ken4256/hero/wasp_janet_van_dyne,WASP/JANET VAN DYNE 
https://w3id.org/um/ken4256/hero/wizard_bentley_wittm,WIZARD/BENTLEY WITTM
https://w3id.org/um/ken4256/hero/wrecker_iii_dirk_gar,WRECKER III/DIRK GAR
https://w3id.org/um/ken4256/hero/yellowjacket_ii_rita,YELLOWJACKET II/RITA
https://w3id.org/um/ken4256/hero/arcanna_arcanna_jone,ARCANNA/ARCANNA JONE
https://w3id.org/um/ken4256/hero/death,DEATH
https://w3id.org/um/ken4256/hero/deathurge,DEATHURGE
https://w3id.org/um/ken4256/hero/gaea,GAEA
https://w3id.org/um/ken4256/hero/hyperion,HYPERION
https://w3id.org/um/ken4256/hero/kronos,KRONOS
https://w3id.org/um/ken4256/hero/nova_ii_frankie_raye,NOVA II/FRANKIE RAYE
https://w3id.org/um/ken4256/hero/sersi_sylvia,SERSI/SYLVIA
https://w3id.org/um/ken4256/hero/whizzer_ii_stanley_s,WHIZZER II/STANLEY S
https://w3id.org/um/ken4256/hero/achebe_reverend_doc,"ACHEBE, REVEREND DOC"
https://w3id.org/um/ken4256/hero/adams_nicole_nikki,"ADAMS, NICOLE NIKKI"
https://w3id.org/um/ken4256/hero/constrictor_frank_pa,CONSTRICTOR/FRANK PA
https://w3id.org/um/ken4256/hero/corsair,CORSAIR
https://w3id.org/um/ken4256/hero/deadpool_jack_wade_w,DEADPOOL/JACK/WADE W
https://w3id.org/um/ken4256/hero/gapon_dzhokhar,"GAPON, DZHOKHAR"
https://w3id.org/um/ken4256/hero/lynne_monica,"LYNNE, MONICA"
https://w3id.org/um/ken4256/hero/malice_v_nakia,MALICE V/NAKIA
https://w3id.org/um/ken4256/hero/mephisto,MEPHISTO
https://w3id.org/um/ken4256/hero/okoye,OKOYE
https://w3id.org/um/ken4256/hero/ramonda,RAMONDA
https://w3id.org/um/ken4256/hero/ross_everett_kennet,"ROSS, EVERETT KENNET"
https://w3id.org/um/ken4256/hero/tork_sgt,"TORK, SGT."
https://w3id.org/um/ken4256/hero/triathlon_delroy_gar,TRIATHLON/DELROY GAR
https://w3id.org/um/ken4256/hero/white_wolf_hunter,WHITE WOLF/HUNTER
https://w3id.org/um/ken4256/hero/zuri,ZURI
https://w3id.org/um/ken4256/hero/agamemnon_iii,AGAMEMNON III/
https://w3id.org/um/ken4256/hero/cassiopeia,CASSIOPEIA
https://w3id.org/um/ken4256/hero/hela_asgardian,HELA [ASGARDIAN]
https://w3id.org/um/ken4256/hero/iron_fist_daniel_ran,IRON FIST/DANIEL RAN
https://w3id.org/um/ken4256/hero/prometheus_ii,PROMETHEUS II
https://w3id.org/um/ken4256/hero/punisher_ii_frank_ca,PUNISHER II/FRANK CA
https://w3id.org/um/ken4256/hero/ulysses_ii,ULYSSES II
https://w3id.org/um/ken4256/hero/captain_marvel_iii_g,CAPTAIN MARVEL III/G
https://w3id.org/um/ken4256/hero/eric_the_red_shi_ar,ERIC THE RED [SHI'AR
https://w3id.org/um/ken4256/hero/marvel_girl_jean_gre,MARVEL GIRL/JEAN GRE
https://w3id.org/um/ken4256/hero/mentor_alars_eterna,MENTOR/ALARS [ETERNA
https://w3id.org/um/ken4256/hero/starfox_eros,STARFOX/EROS
https://w3id.org/um/ken4256/hero/adams_cindy,"ADAMS, CINDY"
https://w3id.org/um/ken4256/hero/american_eagle_iii_j,AMERICAN EAGLE III/J
https://w3id.org/um/ken4256/hero/forge,FORGE
https://w3id.org/um/ken4256/hero/gargoyle_ii_isaac_ch,GARGOYLE II/ISAAC CH
https://w3id.org/um/ken4256/hero/iceman_robert_bobby,ICEMAN/ROBERT BOBBY 
https://w3id.org/um/ken4256/hero/peregrine_le_franck,"PEREGRINE, LE/FRANCK"
https://w3id.org/um/ken4256/hero/rom_spaceknight,"ROM, SPACEKNIGHT"
https://w3id.org/um/ken4256/hero/starshine_ii_brandy,STARSHINE II/BRANDY 
https://w3id.org/um/ken4256/hero/tigra_greer_nelson,TIGRA/GREER NELSON
https://w3id.org/um/ken4256/hero/vanguard_nicolai_kry,VANGUARD/NICOLAI KRY
https://w3id.org/um/ken4256/hero/clinton_bill,"CLINTON, BILL"
https://w3id.org/um/ken4256/hero/justice_ii_vance_ast,JUSTICE II/VANCE AST
https://w3id.org/um/ken4256/hero/kraven_the_hunter_ii,KRAVEN THE HUNTER II
https://w3id.org/um/ken4256/hero/moon_knight_marc_spe,MOON KNIGHT/MARC SPE
https://w3id.org/um/ken4256/hero/morgan,MORGAN
https://w3id.org/um/ken4256/hero/nightmare_edvard_hab,NIGHTMARE/EDVARD HAB
https://w3id.org/um/ken4256/hero/nightshade_tilda,NIGHTSHADE/TILDA
https://w3id.org/um/ken4256/hero/reject_ran_sak_devi,REJECT/RAN-SAK [DEVI
https://w3id.org/um/ken4256/hero/taurus_cornelius_van,TAURUS/CORNELIUS VAN
https://w3id.org/um/ken4256/hero/vincent_danny,"VINCENT, DANNY"
https://w3id.org/um/ken4256/hero/baldwin_madelyne_ma,"BALDWIN, MADELYNE MA"
https://w3id.org/um/ken4256/hero/firestar_angelica_jo,FIRESTAR/ANGELICA JO
https://w3id.org/um/ken4256/hero/gee_alex_power,GEE/ALEX POWER
https://w3id.org/um/ken4256/hero/lightspeed_julie_pow,LIGHTSPEED/JULIE POW
https://w3id.org/um/ken4256/hero/namorita_nita_prenti,NAMORITA/NITA PRENTI
https://w3id.org/um/ken4256/hero/nova_richard_rider,NOVA/RICHARD RIDER
https://w3id.org/um/ken4256/hero/power_margaret,"POWER, MARGARET"
https://w3id.org/um/ken4256/hero/rage_elvin_daryl_hal,RAGE/ELVIN DARYL HAL
https://w3id.org/um/ken4256/hero/rosen_walter,"ROSEN, WALTER"
https://w3id.org/um/ken4256/hero/spider_man_clone_ben,SPIDER-MAN CLONE/BEN
https://w3id.org/um/ken4256/hero/turbo_ii_a_michiko,TURBO II (A)/MICHIKO
https://w3id.org/um/ken4256/hero/arbogast_bambi,"ARBOGAST, BAMBI"
https://w3id.org/um/ken4256/hero/dorrek_skrull,DORREK [SKRULL]
https://w3id.org/um/ken4256/hero/firelord_pyreus_kril,FIRELORD/PYREUS KRIL
https://w3id.org/um/ken4256/hero/gunthar_ii,GUNTHAR II
https://w3id.org/um/ken4256/hero/harkness_agatha,"HARKNESS, AGATHA"
https://w3id.org/um/ken4256/hero/jameson_col_john,"JAMESON, COL. JOHN "
https://w3id.org/um/ken4256/hero/levan,LEVAN
https://w3id.org/um/ken4256/hero/masters_alicia_reis,"MASTERS, ALICIA REIS"
https://w3id.org/um/ken4256/hero/nebula,NEBULA
https://w3id.org/um/ken4256/hero/skunge,SKUNGE
https://w3id.org/um/ken4256/hero/zedrao_general,"ZEDRAO, GENERAL"
https://w3id.org/um/ken4256/hero/darkhawk_chris_powel,DARKHAWK/CHRIS POWEL
https://w3id.org/um/ken4256/hero/clea,CLEA
https://w3id.org/um/ken4256/hero/dormammu,DORMAMMU
https://w3id.org/um/ken4256/hero/collins_demitrius,"COLLINS, DEMITRIUS"
https://w3id.org/um/ken4256/hero/destroyer_iii,DESTROYER III
https://w3id.org/um/ken4256/hero/fairmont_amanda_man,"FAIRMONT, AMANDA MAN"
https://w3id.org/um/ken4256/hero/hermes_greek_god,HERMES [GREEK GOD]
https://w3id.org/um/ken4256/hero/hescamar_marnot_asg,HESCAMAR/MARNOT [ASG
https://w3id.org/um/ken4256/hero/parker_may,"PARKER, MAY"
https://w3id.org/um/ken4256/hero/perrikus,PERRIKUS
https://w3id.org/um/ken4256/hero/speedball_robbie_bal,SPEEDBALL/ROBBIE BAL
https://w3id.org/um/ken4256/hero/avalanche_dominic_pe,AVALANCHE/DOMINIC PE
https://w3id.org/um/ken4256/hero/blob_fred_j_dukes,BLOB/FRED J. DUKES
https://w3id.org/um/ken4256/hero/conan_neal,"CONAN, NEAL"
https://w3id.org/um/ken4256/hero/cooper_dr_valerie,"COOPER, DR. VALERIE"
https://w3id.org/um/ken4256/hero/destiny_ii_irene_adl,DESTINY II/IRENE ADL
https://w3id.org/um/ken4256/hero/mactaggert_moira_ki,"MACTAGGERT, MOIRA KI"
https://w3id.org/um/ken4256/hero/polaris_lorna_dane,POLARIS/LORNA DANE
https://w3id.org/um/ken4256/hero/pyro_allerdyce_johnn,PYRO/ALLERDYCE JOHNN
https://w3id.org/um/ken4256/hero/roma,ROMA
https://w3id.org/um/ken4256/hero/summers_madelyne_ma,"SUMMERS, MADELYNE MA"
https://w3id.org/um/ken4256/hero/wetherell_manoli,"WETHERELL, MANOLI"
https://w3id.org/um/ken4256/hero/wild_child_kyle_gibn,WILD CHILD/KYLE GIBN
https://w3id.org/um/ken4256/hero/banshee_sean_cassidy,BANSHEE/SEAN CASSIDY
https://w3id.org/um/ken4256/hero/blackwing_joseph_man,BLACKWING/JOSEPH MAN
https://w3id.org/um/ken4256/hero/bolt_ii_chris_bradle,BOLT II/CHRIS BRADLE
https://w3id.org/um/ken4256/hero/chamber_jonothon_sta,CHAMBER/JONOTHON STA
https://w3id.org/um/ken4256/hero/cloak_tyrone_johnson,CLOAK/TYRONE JOHNSON
https://w3id.org/um/ken4256/hero/counterweight_ii_kat,COUNTERWEIGHT II/KAT
https://w3id.org/um/ken4256/hero/crucible_byron_calle,CRUCIBLE/BYRON CALLE
https://w3id.org/um/ken4256/hero/jaye_firestone_ging,"JAYE-FIRESTONE, GING"
https://w3id.org/um/ken4256/hero/muto_junzo,"MUTO, JUNZO"
https://w3id.org/um/ken4256/hero/synch_everett_thomas,SYNCH/EVERETT THOMAS
https://w3id.org/um/ken4256/hero/white_queen_emma_fro,WHITE QUEEN/EMMA FRO
https://w3id.org/um/ken4256/hero/zeus,ZEUS
https://w3id.org/um/ken4256/hero/bridge_george_washi,"BRIDGE, GEORGE WASHI"
https://w3id.org/um/ken4256/hero/merryweather_irene,"MERRYWEATHER, IRENE"
https://w3id.org/um/ken4256/hero/phoenix_iii_rachel_s,PHOENIX III/RACHEL S
https://w3id.org/um/ken4256/hero/wong,WONG
https://w3id.org/um/ken4256/hero/hera_augustine_jones,HERA/AUGUSTINE JONES
https://w3id.org/um/ken4256/hero/rintrah,RINTRAH
https://w3id.org/um/ken4256/hero/satannish,SATANNISH
https://w3id.org/um/ken4256/hero/umar,UMAR
https://w3id.org/um/ken4256/hero/warlock_ii_adam_warl,WARLOCK II/ADAM WARL
https://w3id.org/um/ken4256/hero/bishop,BISHOP /
https://w3id.org/um/ken4256/hero/deathbird_shi_ar,DEATHBIRD [SHI'AR]
https://w3id.org/um/ken4256/hero/joseph,JOSEPH
https://w3id.org/um/ken4256/hero/kramer_kenny,"KRAMER, KENNY"
https://w3id.org/um/ken4256/hero/kramer_stacey,"KRAMER, STACEY"
https://w3id.org/um/ken4256/hero/agent_axis,AGENT AXIS/
https://w3id.org/um/ken4256/hero/bucky_bucky_barnes,BUCKY/BUCKY BARNES
https://w3id.org/um/ken4256/hero/dyna_mite_roger_aubr,DYNA-MITE/ROGER AUBR
https://w3id.org/um/ken4256/hero/golden_girl_gwenny_l,GOLDEN GIRL/GWENNY L
https://w3id.org/um/ken4256/hero/human_top_davey_mitc,HUMAN TOP/DAVEY MITC
https://w3id.org/um/ken4256/hero/human_torch_android,HUMAN TORCH ANDROID/
https://w3id.org/um/ken4256/hero/sabuki_dr_sam,"SABUKI, DR. SAM"
https://w3id.org/um/ken4256/hero/spitfire_lady_jacque,SPITFIRE/LADY JACQUE
https://w3id.org/um/ken4256/hero/toro_tom_raymond,TORO/TOM RAYMOND
https://w3id.org/um/ken4256/hero/union_jack_ii_brian,UNION JACK II/BRIAN 
https://w3id.org/um/ken4256/hero/union_jack_lord_mont,UNION JACK/LORD MONT
https://w3id.org/um/ken4256/hero/ares_greek_god,ARES [GREEK GOD]
https://w3id.org/um/ken4256/hero/arishem_celestial,ARISHEM [CELESTIAL]
https://w3id.org/um/ken4256/hero/athena_greek_god,ATHENA [GREEK GOD]
https://w3id.org/um/ken4256/hero/forgotten_one_gilgam,FORGOTTEN ONE/GILGAM
https://w3id.org/um/ken4256/hero/karkas_deviant,KARKAS [DEVIANT]
https://w3id.org/um/ken4256/hero/kingo_sunen_eternal,KINGO SUNEN [ETERNAL
https://w3id.org/um/ken4256/hero/makkari_mike_khary_i,MAKKARI/MIKE KHARY/I
https://w3id.org/um/ken4256/hero/nezarr,NEZARR
https://w3id.org/um/ken4256/hero/one_above_all_celes,ONE ABOVE ALL [CELES
https://w3id.org/um/ken4256/hero/sprite,SPRITE
https://w3id.org/um/ken4256/hero/black_bolt_blackanto,BLACK BOLT/BLACKANTO
https://w3id.org/um/ken4256/hero/maximus_inhuman,MAXIMUS [INHUMAN]
https://w3id.org/um/ken4256/hero/usagent_captain_john,USAGENT/CAPTAIN JOHN
https://w3id.org/um/ken4256/hero/shinski_professor_w,"SHINSKI, PROFESSOR W"
https://w3id.org/um/ken4256/hero/caliban,CALIBAN/
https://w3id.org/um/ken4256/hero/grey_dr_john,"GREY, DR. JOHN"
https://w3id.org/um/ken4256/hero/grey_elaine,"GREY, ELAINE"
https://w3id.org/um/ken4256/hero/living_monolith_ahme,LIVING MONOLITH/AHME
https://w3id.org/um/ken4256/hero/sunfire_shiro_yoshid,SUNFIRE/SHIRO YOSHID
https://w3id.org/um/ken4256/hero/thomas_commander_da,"THOMAS, COMMANDER DA"
https://w3id.org/um/ken4256/hero/warlock_iii,WARLOCK III
https://w3id.org/um/ken4256/hero/cybele_eternal,CYBELE [ETERNAL]
https://w3id.org/um/ken4256/hero/dreaming_celestial_t,DREAMING CELESTIAL/T
https://w3id.org/um/ken4256/hero/khoryphos_eternal,KHORYPHOS [ETERNAL]
https://w3id.org/um/ken4256/hero/kro_deviant,KRO [DEVIANT]
https://w3id.org/um/ken4256/hero/phastos_eternal,PHASTOS [ETERNAL]
https://w3id.org/um/ken4256/hero/gorgon_inhuman,GORGON [INHUMAN]
https://w3id.org/um/ken4256/hero/kristoff_kristoff_ve,KRISTOFF/KRISTOFF VE
https://w3id.org/um/ken4256/hero/le_fey_morgan,"LE FEY, MORGAN"
https://w3id.org/um/ken4256/hero/luna_luna_maximoff,LUNA/LUNA MAXIMOFF [
https://w3id.org/um/ken4256/hero/psi_lord_franklin_be,PSI-LORD/FRANKLIN BE
https://w3id.org/um/ken4256/hero/vashti,VASHTI
https://w3id.org/um/ken4256/hero/black_goliath_dr_wi,BLACK GOLIATH/DR. WI
https://w3id.org/um/ken4256/hero/jackson_celia,"JACKSON, CELIA"
https://w3id.org/um/ken4256/hero/aries_ii_grover_raym,ARIES II/GROVER RAYM
https://w3id.org/um/ken4256/hero/charcoal_charlie_bur,CHARCOAL/CHARLIE BUR
https://w3id.org/um/ken4256/hero/count_nefaria_luchi,"COUNT NEFARIA, LUCHI"
https://w3id.org/um/ken4256/hero/hogan_virginia_pepp,"HOGAN, VIRGINIA PEPP"
https://w3id.org/um/ken4256/hero/moonstone_lloyd_bloc,MOONSTONE/LLOYD BLOC
https://w3id.org/um/ken4256/hero/whiplash_mark_scarlo,WHIPLASH/MARK SCARLO
https://w3id.org/um/ken4256/hero/chord_andrew,"CHORD, ANDREW"
https://w3id.org/um/ken4256/hero/jetstream_haroud_ibn,JETSTREAM/HAROUD IBN
https://w3id.org/um/ken4256/hero/night_thrasher_duane,NIGHT THRASHER/DUANE
https://w3id.org/um/ken4256/hero/nixon_richard,"NIXON, RICHARD"
https://w3id.org/um/ken4256/hero/silhouette,SILHOUETTE
https://w3id.org/um/ken4256/hero/stallior,STALLIOR
https://w3id.org/um/ken4256/hero/tai_ii,TAI II
https://w3id.org/um/ken4256/hero/timberius,TIMBERIUS
https://w3id.org/um/ken4256/hero/water_wizard_pete,WATER WIZARD/PETE
https://w3id.org/um/ken4256/hero/blitzkrieg,BLITZKRIEG/
https://w3id.org/um/ken4256/hero/crimson_dynamo_v_dim,CRIMSON DYNAMO V/DIM
https://w3id.org/um/ken4256/hero/devil_slayer_eric_si,DEVIL-SLAYER/ERIC SI
https://w3id.org/um/ken4256/hero/drumm_jericho,"DRUMM, JERICHO"
https://w3id.org/um/ken4256/hero/erishkigel_ii_holly,ERISHKIGEL II/HOLLY 
https://w3id.org/um/ken4256/hero/eson_celestial,ESON [CELESTIAL]
https://w3id.org/um/ken4256/hero/gammenon_celestial,GAMMENON [CELESTIAL]
https://w3id.org/um/ken4256/hero/grandmaster_en_dwi_g,GRANDMASTER/EN DWI G
https://w3id.org/um/ken4256/hero/guardian_james_macdo,GUARDIAN/JAMES MACDO
https://w3id.org/um/ken4256/hero/gypsy_moth,GYPSY MOTH
https://w3id.org/um/ken4256/hero/hellcat_patsy_walker,HELLCAT/PATSY WALKER
https://w3id.org/um/ken4256/hero/hellstorm_daimon_hel,HELLSTORM/DAIMON HEL
https://w3id.org/um/ken4256/hero/jocasta,JOCASTA
https://w3id.org/um/ken4256/hero/ka_zar_kevin_plunder,KA-ZAR/KEVIN PLUNDER
https://w3id.org/um/ken4256/hero/machine_man_x_51,MACHINE MAN/X-51
https://w3id.org/um/ken4256/hero/nighthawk_kyle_richm,NIGHTHAWK/KYLE RICHM
https://w3id.org/um/ken4256/hero/northstar_jean_paul,NORTHSTAR/JEAN-PAUL 
https://w3id.org/um/ken4256/hero/shamrock_molly_fitzg,SHAMROCK/MOLLY FITZG
https://w3id.org/um/ken4256/hero/shanna_shanna_o_hara,SHANNA/SHANNA O'HARA
https://w3id.org/um/ken4256/hero/snowbird_narya_anne,SNOWBIRD/NARYA/ANNE 
https://w3id.org/um/ken4256/hero/spider_woman_jessica,SPIDER-WOMAN/JESSICA
https://w3id.org/um/ken4256/hero/tefral,TEFRAL
https://w3id.org/um/ken4256/hero/texas_twister_drew_d,TEXAS TWISTER/DREW D
https://w3id.org/um/ken4256/hero/valinor,VALINOR
https://w3id.org/um/ken4256/hero/werewolf_by_night_ja,WEREWOLF BY NIGHT/JA
https://w3id.org/um/ken4256/hero/multiple_man_james_a,MULTIPLE MAN/JAMES A
https://w3id.org/um/ken4256/hero/perun,PERUN
https://w3id.org/um/ken4256/hero/red_guardian_v,RED GUARDIAN V
https://w3id.org/um/ken4256/hero/strong_guy_guido_car,STRONG GUY/GUIDO CAR
https://w3id.org/um/ken4256/hero/vostok,VOSTOK
https://w3id.org/um/ken4256/hero/x_ray,X-RAY
https://w3id.org/um/ken4256/hero/blind_al_althea,BLIND AL/ALTHEA
https://w3id.org/um/ken4256/hero/dubois_noah,"DUBOIS, NOAH"
https://w3id.org/um/ken4256/hero/expediter_ii_zoe_cul,EXPEDITER II/ZOE CUL
https://w3id.org/um/ken4256/hero/montgomery,MONTGOMERY
https://w3id.org/um/ken4256/hero/overboss_dixon,OVERBOSS DIXON
https://w3id.org/um/ken4256/hero/sterman_andrea_andi,"STERMAN, ANDREA ANDI"
https://w3id.org/um/ken4256/hero/supreme_intelligence,SUPREME INTELLIGENCE
https://w3id.org/um/ken4256/hero/akutagawa_osamu,"AKUTAGAWA, OSAMU"
https://w3id.org/um/ken4256/hero/lady_deathstrike_yur,LADY DEATHSTRIKE/YUR
https://w3id.org/um/ken4256/hero/lancer_samantha_dunb,LANCER/SAMANTHA DUNB
https://w3id.org/um/ken4256/hero/alanya,ALANYA
https://w3id.org/um/ken4256/hero/fayrelyte_stronghear,FAYRELYTE STRONGHEAR
https://w3id.org/um/ken4256/hero/nuro,NURO
https://w3id.org/um/ken4256/hero/hudson_heather,"HUDSON, HEATHER"
https://w3id.org/um/ken4256/hero/puck_eugene_milton_j,PUCK/EUGENE MILTON J
https://w3id.org/um/ken4256/hero/nomad_iii_jack_monro,NOMAD III/JACK MONRO
https://w3id.org/um/ken4256/hero/cerise_ii_shi_ar,CERISE II [SHI'AR]
https://w3id.org/um/ken4256/hero/leech,LEECH
https://w3id.org/um/ken4256/hero/maddicks_arthur_art,"MADDICKS, ARTHUR ART"
https://w3id.org/um/ken4256/hero/nanny_ii,NANNY II
https://w3id.org/um/ken4256/hero/orphan_maker_peter,ORPHAN-MAKER/PETER
https://w3id.org/um/ken4256/hero/alden_prof_meredit,"ALDEN, PROF. MEREDIT"
https://w3id.org/um/ken4256/hero/cabe_bethany,"CABE, BETHANY"
https://w3id.org/um/ken4256/hero/century,CENTURY
https://w3id.org/um/ken4256/hero/dr_doom_timeslide,DR. DOOM | TIMESLIDE
https://w3id.org/um/ken4256/hero/grimm_ben_timesli,"GRIMM, BEN | TIMESLI"
https://w3id.org/um/ken4256/hero/hogan_harold_j_hap,"HOGAN, HAROLD J. HAP"
https://w3id.org/um/ken4256/hero/iron_man_v_teen_tony,IRON MAN V/TEEN TONY
https://w3id.org/um/ken4256/hero/lumpkin_willie_ti,"LUMPKIN, WILLIE | TI"
https://w3id.org/um/ken4256/hero/malachi,MALACHI
https://w3id.org/um/ken4256/hero/mccall_meredith_t,"MCCALL, MEREDITH | T"
https://w3id.org/um/ken4256/hero/murdock_matt_time,"MURDOCK, MATT | TIME"
https://w3id.org/um/ken4256/hero/storm_sue_timesli,"STORM, SUE | TIMESLI"
https://w3id.org/um/ken4256/hero/tobias,TOBIAS
https://w3id.org/um/ken4256/hero/alexander_carrie,"ALEXANDER, CARRIE"
https://w3id.org/um/ken4256/hero/knight_misty,"KNIGHT, MISTY"
https://w3id.org/um/ken4256/hero/marrs_desmond,"MARRS, DESMOND"
https://w3id.org/um/ken4256/hero/marrs_payne_phoeb,"MARRS(-PAYNE), PHOEB"
https://w3id.org/um/ken4256/hero/master_man_wilhelm_l,MASTER MAN/WILHELM L
https://w3id.org/um/ken4256/hero/plantman_sam_smither,PLANTMAN/SAM SMITHER
https://w3id.org/um/ken4256/hero/raymond_ann,"RAYMOND, ANN"
https://w3id.org/um/ken4256/hero/griffin_ii_johnny_ho,GRIFFIN II/JOHNNY HO
https://w3id.org/um/ken4256/hero/shalak,SHALAK
https://w3id.org/um/ken4256/hero/super_skrull_kl_rt,SUPER SKRULL/KL'RT
https://w3id.org/um/ken4256/hero/wing_colleen,"WING, COLLEEN"
https://w3id.org/um/ken4256/hero/zabu,ZABU
https://w3id.org/um/ken4256/hero/cypher_doug_ramsey,CYPHER/DOUG RAMSEY
https://w3id.org/um/ken4256/hero/karma_xi_an_coy_manh,KARMA/XI'AN COY MANH
https://w3id.org/um/ken4256/hero/magik_illyana_rasput,MAGIK/ILLYANA RASPUT
https://w3id.org/um/ken4256/hero/libra_gustav_brandt,LIBRA/GUSTAV BRANDT
https://w3id.org/um/ken4256/hero/ravonna_lexus_rensla,RAVONNA LEXUS RENSLA
https://w3id.org/um/ken4256/hero/tempus,TEMPUS
https://w3id.org/um/ken4256/hero/ulik,ULIK
https://w3id.org/um/ken4256/hero/tilby_trish_patrici,"TILBY, TRISH/PATRICI"
https://w3id.org/um/ken4256/hero/trapster_peter_petru,TRAPSTER/PETER PETRU
https://w3id.org/um/ken4256/hero/bullseye_ii_benjamin,BULLSEYE II/BENJAMIN
https://w3id.org/um/ken4256/hero/black_cat_felicia_ha,BLACK CAT/FELICIA HA
https://w3id.org/um/ken4256/hero/cyclone,CYCLONE
https://w3id.org/um/ken4256/hero/grant_gloria_glory,"GRANT, GLORIA GLORY"
https://w3id.org/um/ken4256/hero/microchip_linus_lieb,MICROCHIP/LINUS LIEB
https://w3id.org/um/ken4256/hero/paladin_paul_dennis,PALADIN/PAUL DENNIS
https://w3id.org/um/ken4256/hero/purple_man_zebediah,PURPLE MAN/ZEBEDIAH 
https://w3id.org/um/ken4256/hero/sandman_william_bake,SANDMAN/WILLIAM BAKE
https://w3id.org/um/ken4256/hero/silver_sable,SILVER SABLE
https://w3id.org/um/ken4256/hero/alvarez_felix,"ALVAREZ, FELIX"
https://w3id.org/um/ken4256/hero/chaney_amanda,"CHANEY, AMANDA"
https://w3id.org/um/ken4256/hero/grant_phillip,"GRANT, PHILLIP"
https://w3id.org/um/ken4256/hero/lang_cassandra_cass,"LANG, CASSANDRA CASS"
https://w3id.org/um/ken4256/hero/living_lightning_mig,LIVING LIGHTNING/MIG
https://w3id.org/um/ken4256/hero/madame_masque_giulie,MADAME MASQUE/GIULIE
https://w3id.org/um/ken4256/hero/mandarin,MANDARIN
https://w3id.org/um/ken4256/hero/recorder_ii,RECORDER II
https://w3id.org/um/ken4256/hero/sondheim_erica,"SONDHEIM, ERICA"
https://w3id.org/um/ken4256/hero/todd_fisher,"TODD, FISHER"
https://w3id.org/um/ken4256/hero/zimmer_abe,"ZIMMER, ABE"
https://w3id.org/um/ken4256/hero/diablo_esteban_de_ab,DIABLO/ESTEBAN DE AB
https://w3id.org/um/ken4256/hero/wingfoot_wyatt,"WINGFOOT, WYATT"
https://w3id.org/um/ken4256/hero/master_eshu,MASTER/ESHU
https://w3id.org/um/ken4256/hero/black_knight_iv_prof,BLACK KNIGHT IV/PROF
https://w3id.org/um/ken4256/hero/grim_reaper_eric_wil,GRIM REAPER/ERIC WIL
https://w3id.org/um/ken4256/hero/zemo_baron_heinrich,ZEMO/BARON HEINRICH 
https://w3id.org/um/ken4256/hero/aragorn,ARAGORN
https://w3id.org/um/ken4256/hero/dr_spectrum_joseph,DR. SPECTRUM/JOSEPH 
https://w3id.org/um/ken4256/hero/golden_archer_ii_wya,GOLDEN ARCHER II/WYA
https://w3id.org/um/ken4256/hero/lady_lark_linda_lewi,LADY LARK/LINDA LEWI
https://w3id.org/um/ken4256/hero/blue_shield_joseph_j,BLUE SHIELD/JOSEPH J
https://w3id.org/um/ken4256/hero/collector_taneleer_t,COLLECTOR/TANELEER T
https://w3id.org/um/ken4256/hero/lumpkin_william_wil,"LUMPKIN, WILLIAM WIL"
https://w3id.org/um/ken4256/hero/talisman,TALISMAN
https://w3id.org/um/ken4256/hero/union_jack_iii_joey,UNION JACK III/JOEY 
https://w3id.org/um/ken4256/hero/elektra_elektra_natc,ELEKTRA/ELEKTRA NATC
https://w3id.org/um/ken4256/hero/americop,AMERICOP/
https://w3id.org/um/ken4256/hero/diamondback_ii_rache,DIAMONDBACK II/RACHE
https://w3id.org/um/ken4256/hero/dran_damon,"DRAN, DAMON"
https://w3id.org/um/ken4256/hero/golddigger,GOLDDIGGER
https://w3id.org/um/ken4256/hero/moonhunter_zack_moon,MOONHUNTER/ZACK MOON
https://w3id.org/um/ken4256/hero/sanada_kono,"SANADA, KONO"
https://w3id.org/um/ken4256/hero/zaran_maximillian_za,ZARAN/MAXIMILLIAN ZA
https://w3id.org/um/ken4256/hero/attuma,ATTUMA
https://w3id.org/um/ken4256/hero/nighthawk_ii_kyle_ri,NIGHTHAWK II/KYLE RI
https://w3id.org/um/ken4256/hero/pluto_olympian,PLUTO [OLYMPIAN]
https://w3id.org/um/ken4256/hero/amphibian_kingley_ri,AMPHIBIAN/KINGLEY RI
https://w3id.org/um/ken4256/hero/orka,ORKA
https://w3id.org/um/ken4256/hero/power_princess_zarda,POWER PRINCESS/ZARDA
https://w3id.org/um/ken4256/hero/scarlet_centurion,SCARLET CENTURION
https://w3id.org/um/ken4256/hero/shape,SHAPE
https://w3id.org/um/ken4256/hero/mastermind_jason_wyn,MASTERMIND/JASON WYN
https://w3id.org/um/ken4256/hero/plunder_adam_kyle_m,"PLUNDER, ADAM KYLE M"
https://w3id.org/um/ken4256/hero/southern_candy,"SOUTHERN, CANDY"
https://w3id.org/um/ken4256/hero/anaconda_blanche_sit,ANACONDA/BLANCHE SIT
https://w3id.org/um/ken4256/hero/arclight_phillipa_so,ARCLIGHT/PHILLIPA SO
https://w3id.org/um/ken4256/hero/armadillo_antonio_ro,ARMADILLO/ANTONIO RO
https://w3id.org/um/ken4256/hero/asp_ii_cleo,ASP II/CLEO
https://w3id.org/um/ken4256/hero/baroness_zemo_heike,BARONESS ZEMO/HEIKE
https://w3id.org/um/ken4256/hero/battleaxe,BATTLEAXE/
https://w3id.org/um/ken4256/hero/battlestar_lemar_hos,BATTLESTAR/LEMAR HOS
https://w3id.org/um/ken4256/hero/black_racer,BLACK RACER/
https://w3id.org/um/ken4256/hero/blackbird,BLACKBIRD/
https://w3id.org/um/ken4256/hero/bombshell,BOMBSHELL/
https://w3id.org/um/ken4256/hero/boomslang,BOOMSLANG/
https://w3id.org/um/ken4256/hero/brannex_allessandro,"BRANNEX, ALLESSANDRO"
https://w3id.org/um/ken4256/hero/bushmaster_ii_quincy,BUSHMASTER II/QUINCY
https://w3id.org/um/ken4256/hero/carter_peggy,"CARTER, PEGGY"
https://w3id.org/um/ken4256/hero/century_turner_d,"CENTURY, TURNER D."
https://w3id.org/um/ken4256/hero/cheetah,CHEETAH
https://w3id.org/um/ken4256/hero/coachwhip,COACHWHIP
https://w3id.org/um/ken4256/hero/cobra_klaus_vorhees,COBRA/KLAUS VORHEES
https://w3id.org/um/ken4256/hero/copperhead_iii_davis,COPPERHEAD III/DAVIS
https://w3id.org/um/ken4256/hero/cottonmouth_ii,COTTONMOUTH II
https://w3id.org/um/ken4256/hero/dansen_macabre,DANSEN MACABRE
https://w3id.org/um/ken4256/hero/death_adder,DEATH ADDER
https://w3id.org/um/ken4256/hero/demolition_man_denni,DEMOLITION MAN/DENNI
https://w3id.org/um/ken4256/hero/el_jaguar,EL JAGUAR
https://w3id.org/um/ken4256/hero/fer_de_lance_teresa,FER DE LANCE/TERESA
https://w3id.org/um/ken4256/hero/ferocia,FEROCIA/
https://w3id.org/um/ken4256/hero/foolkiller_ii_greg_s,FOOLKILLER II/GREG S
https://w3id.org/um/ken4256/hero/free_spirit_cathy_we,FREE SPIRIT/CATHY WE
https://w3id.org/um/ken4256/hero/hyperion_ii,HYPERION II
https://w3id.org/um/ken4256/hero/ice_princess,ICE PRINCESS/
https://w3id.org/um/ken4256/hero/impala,IMPALA/
https://w3id.org/um/ken4256/hero/iron_maiden,IRON MAIDEN/
https://w3id.org/um/ken4256/hero/jack_flag,JACK FLAG/
https://w3id.org/um/ken4256/hero/knockout,KNOCKOUT
https://w3id.org/um/ken4256/hero/madcap,MADCAP
https://w3id.org/um/ken4256/hero/mindblast,MINDBLAST
https://w3id.org/um/ken4256/hero/modam,MODAM
https://w3id.org/um/ken4256/hero/mysteria,MYSTERIA/
https://w3id.org/um/ken4256/hero/peltino_lt,"PELTINO, LT."
https://w3id.org/um/ken4256/hero/pink_pearl,PINK PEARL/
https://w3id.org/um/ken4256/hero/porcupine_alex_gentr,PORCUPINE/ALEX GENTR
https://w3id.org/um/ken4256/hero/poundcakes_marian_po,POUNDCAKES/MARIAN PO
https://w3id.org/um/ken4256/hero/princess_python_zeld,PRINCESS PYTHON/ZELD
https://w3id.org/um/ken4256/hero/puff_adder,PUFF ADDER
https://w3id.org/um/ken4256/hero/quicksand,QUICKSAND
https://w3id.org/um/ken4256/hero/rattler,RATTLER
https://w3id.org/um/ken4256/hero/rock_python,ROCK PYTHON
https://w3id.org/um/ken4256/hero/rosenthal_bernie,"ROSENTHAL, BERNIE"
https://w3id.org/um/ken4256/hero/scourge,SCOURGE
https://w3id.org/um/ken4256/hero/shellshock,SHELLSHOCK/
https://w3id.org/um/ken4256/hero/sidewinder_seth_voel,SIDEWINDER/SETH VOEL
https://w3id.org/um/ken4256/hero/slither,SLITHER
https://w3id.org/um/ken4256/hero/snapdragon_sheoke_sa,SNAPDRAGON/SHEOKE SA
https://w3id.org/um/ken4256/hero/thundra,THUNDRA
https://w3id.org/um/ken4256/hero/vagabond_priscilla_l,VAGABOND/PRISCILLA L
https://w3id.org/um/ken4256/hero/vertigo_ii,VERTIGO II
https://w3id.org/um/ken4256/hero/viper_ii,VIPER II
https://w3id.org/um/ken4256/hero/whiplash_ii,WHIPLASH II/
https://w3id.org/um/ken4256/hero/wrangler,WRANGLER/
https://w3id.org/um/ken4256/hero/beta_ray_bill,BETA RAY BILL
https://w3id.org/um/ken4256/hero/grotesk,GROTESK
https://w3id.org/um/ken4256/hero/high_evolutionary_he,HIGH EVOLUTIONARY/HE
https://w3id.org/um/ken4256/hero/kurse_algrim_asgard,KURSE/ALGRIM [ASGARD
https://w3id.org/um/ken4256/hero/bloodaxe_jackie_luku,BLOODAXE/JACKIE LUKU
https://w3id.org/um/ken4256/hero/ego,EGO
https://w3id.org/um/ken4256/hero/executioner_ii_skurg,EXECUTIONER II/SKURG
https://w3id.org/um/ken4256/hero/gladiator_ii,GLADIATOR II
https://w3id.org/um/ken4256/hero/lilandra_neramani_s,LILANDRA NERAMANI [S
https://w3id.org/um/ken4256/hero/masterson_kevin,"MASTERSON, KEVIN"
https://w3id.org/um/ken4256/hero/oracle_lady_sibyl,ORACLE/LADY SIBYL
https://w3id.org/um/ken4256/hero/raksor_skrull,RAKSOR [SKRULL]
https://w3id.org/um/ken4256/hero/sapristi_jerry,"SAPRISTI, JERRY"
https://w3id.org/um/ken4256/hero/sitwell_jasper,"SITWELL, JASPER"
https://w3id.org/um/ken4256/hero/steele_marcy_master,"STEELE, MARCY MASTER"
https://w3id.org/um/ken4256/hero/tempest_grannz,TEMPEST/GRANNZ
https://w3id.org/um/ken4256/hero/thor_replicoid,THOR REPLICOID
https://w3id.org/um/ken4256/hero/warstar,WARSTAR
https://w3id.org/um/ken4256/hero/in_betweener,IN-BETWEENER
https://w3id.org/um/ken4256/hero/jones_gabe,"JONES, GABE"
https://w3id.org/um/ken4256/hero/osborn_liz_allan,"OSBORN, LIZ ALLAN"
https://w3id.org/um/ken4256/hero/bounty_ii,BOUNTY II
https://w3id.org/um/ken4256/hero/chekov_arthur_anton,"CHEKOV, ARTHUR ANTON"
https://w3id.org/um/ken4256/hero/lubenski_nate,"LUBENSKI, NATE"
https://w3id.org/um/ken4256/hero/caledonia_alisande_s,CALEDONIA/ALISANDE S
https://w3id.org/um/ken4256/hero/morlak_maris,"MORLAK, MARIS"
https://w3id.org/um/ken4256/hero/jones_hugh,"JONES, HUGH"
https://w3id.org/um/ken4256/hero/stark_morgan,"STARK, MORGAN"
https://w3id.org/um/ken4256/hero/toad_mortimer_toynbe,TOAD/MORTIMER TOYNBE
https://w3id.org/um/ken4256/hero/unus_the_untouchable,UNUS THE UNTOUCHABLE
https://w3id.org/um/ken4256/hero/vanisher,VANISHER
https://w3id.org/um/ken4256/hero/hogarth_jeryn,"HOGARTH, JERYN"
https://w3id.org/um/ken4256/hero/black_knight_sir_per,BLACK KNIGHT/SIR PER
https://w3id.org/um/ken4256/hero/dagger_tandy_bowen,DAGGER/TANDY BOWEN
https://w3id.org/um/ken4256/hero/dagger_tandy_bowen,DAGGER/TANDY BOWEN |
https://w3id.org/um/ken4256/hero/deathlok_iii_michael,DEATHLOK III/MICHAEL
https://w3id.org/um/ken4256/hero/kismet_j_ridia_stard,KISMET/J'RIDIA STARD
https://w3id.org/um/ken4256/hero/lord_chaos,LORD CHAOS
https://w3id.org/um/ken4256/hero/marrina_marrina_smal,MARRINA/MARRINA SMAL
https://w3id.org/um/ken4256/hero/master_order,MASTER ORDER
https://w3id.org/um/ken4256/hero/lewis_shirley_washi,"LEWIS, SHIRLEY WASHI"
https://w3id.org/um/ken4256/hero/urich_ben,"URICH, BEN"
https://w3id.org/um/ken4256/hero/anelle,ANELLE
https://w3id.org/um/ken4256/hero/sentry_459,SENTRY 459
https://w3id.org/um/ken4256/hero/august_personage_in,AUGUST PERSONAGE IN 
https://w3id.org/um/ken4256/hero/beetle_abner_ronald,BEETLE/ABNER RONALD 
https://w3id.org/um/ken4256/hero/impossible_man,IMPOSSIBLE MAN
https://w3id.org/um/ken4256/hero/jolt_hallie_takahama,JOLT/HALLIE TAKAHAMA
https://w3id.org/um/ken4256/hero/kraven_the_hunter_se,KRAVEN THE HUNTER/SE
https://w3id.org/um/ken4256/hero/mad_dog_colonel_buzz,MAD DOG/COLONEL BUZZ
https://w3id.org/um/ken4256/hero/magnus,MAGNUS
https://w3id.org/um/ken4256/hero/master_khan_tyrone_k,MASTER KHAN/TYRONE K
https://w3id.org/um/ken4256/hero/nekra_adrienne_hatro,NEKRA/ADRIENNE HATRO
https://w3id.org/um/ken4256/hero/power_man_erik_joste,POWER MAN/ERIK JOSTE
https://w3id.org/um/ken4256/hero/red_guardian_iii_dr,RED GUARDIAN III/DR.
https://w3id.org/um/ken4256/hero/ringmaster_maynard_t,RINGMASTER/MAYNARD T
https://w3id.org/um/ken4256/hero/rocket_racer_robert,ROCKET RACER/ROBERT 
https://w3id.org/um/ken4256/hero/shocker_herman_schul,SHOCKER/HERMAN SCHUL
https://w3id.org/um/ken4256/hero/ticktock,TICKTOCK
https://w3id.org/um/ken4256/hero/whirlwind_david_cann,WHIRLWIND/DAVID CANN
https://w3id.org/um/ken4256/hero/angel_doppelganger,ANGEL DOPPELGANGER
https://w3id.org/um/ken4256/hero/quasar_doppelganger,QUASAR DOPPELGANGER
https://w3id.org/um/ken4256/hero/quasar_doppelganger,QUASAR DOPPELGANGER 
https://w3id.org/um/ken4256/hero/thor_iii_doppelgange,THOR III DOPPELGANGE
https://w3id.org/um/ken4256/hero/every_man,EVERY-MAN
https://w3id.org/um/ken4256/hero/roth_arnie,"ROTH, ARNIE"
https://w3id.org/um/ken4256/hero/stankowicz_fabian,"STANKOWICZ, FABIAN"
https://w3id.org/um/ken4256/hero/angel_iv,ANGEL IV
https://w3id.org/um/ken4256/hero/cicero_caesar_big_c,"CICERO, CAESAR BIG C"
https://w3id.org/um/ken4256/hero/fortunato,FORTUNATO
https://w3id.org/um/ken4256/hero/rose_iv_jacob_jake_c,ROSE IV/JACOB JAKE C
https://w3id.org/um/ken4256/hero/slug_ulysses_x_lugm,SLUG/ULYSSES X. LUGM
https://w3id.org/um/ken4256/hero/urich_doris,"URICH, DORIS"
https://w3id.org/um/ken4256/hero/aron_watcher,ARON [WATCHER]
https://w3id.org/um/ken4256/hero/astra,ASTRA
https://w3id.org/um/ken4256/hero/baldwin_justin,"BALDWIN, JUSTIN"
https://w3id.org/um/ken4256/hero/beast_doppelganger_i,BEAST DOPPELGANGER I
https://w3id.org/um/ken4256/hero/black_knight_v_doppe,BLACK KNIGHT V DOPPE
https://w3id.org/um/ken4256/hero/bloodstone_ulysses_b,BLOODSTONE/ULYSSES B
https://w3id.org/um/ken4256/hero/cannonball_jack_pulv,CANNONBALL/JACK PULV
https://w3id.org/um/ken4256/hero/captain_america_dopp,CAPTAIN AMERICA DOPP
https://w3id.org/um/ken4256/hero/carter_jimmy,"CARTER, JIMMY"
https://w3id.org/um/ken4256/hero/cera_kay,"CERA, KAY"
https://w3id.org/um/ken4256/hero/ch_od,CH'OD
https://w3id.org/um/ken4256/hero/citizen_v_iii_dallas,CITIZEN V III/DALLAS
https://w3id.org/um/ken4256/hero/clown_crafty_eliot_f,CLOWN/CRAFTY ELIOT F
https://w3id.org/um/ken4256/hero/colossus_ii_doppelga,COLOSSUS II DOPPELGA
https://w3id.org/um/ken4256/hero/corbeau_dr_peter,"CORBEAU, DR. PETER"
https://w3id.org/um/ken4256/hero/counterweight_jack_p,COUNTERWEIGHT/JACK P
https://w3id.org/um/ken4256/hero/cr_reee,CR'REEE
https://w3id.org/um/ken4256/hero/cyclops_doppelganger,CYCLOPS DOPPELGANGER
https://w3id.org/um/ken4256/hero/dark_beast_henry_mcc,DARK BEAST/HENRY MCC
https://w3id.org/um/ken4256/hero/darkhawk_doppelgange,DARKHAWK DOPPELGANGE
https://w3id.org/um/ken4256/hero/daytripper_amanda_se,DAYTRIPPER/AMANDA SE
https://w3id.org/um/ken4256/hero/devos_the_devestator,DEVOS THE DEVESTATOR
https://w3id.org/um/ken4256/hero/dionysus_greek_god,DIONYSUS [GREEK GOD]
https://w3id.org/um/ken4256/hero/donaldson_linda,"DONALDSON, LINDA"
https://w3id.org/um/ken4256/hero/drax_arthur_douglas,DRAX/ARTHUR DOUGLAS
https://w3id.org/um/ken4256/hero/epoch,EPOCH
https://w3id.org/um/ken4256/hero/famine_autumn_rolfso,FAMINE/AUTUMN ROLFSO
https://w3id.org/um/ken4256/hero/fath,FATH
https://w3id.org/um/ken4256/hero/firestar_doppelgange,FIRESTAR DOPPELGANGE
https://w3id.org/um/ken4256/hero/frankenstein_monster,FRANKENSTEIN MONSTER
https://w3id.org/um/ken4256/hero/frog_man_ii_eugene_p,FROG-MAN II/EUGENE P
https://w3id.org/um/ken4256/hero/gambonno_ernesto,"GAMBONNO, ERNESTO"
https://w3id.org/um/ken4256/hero/gambonno_luigi,"GAMBONNO, LUIGI"
https://w3id.org/um/ken4256/hero/gamora,GAMORA
https://w3id.org/um/ken4256/hero/ghost_rider_ii_johnn,GHOST RIDER II/JOHNN
https://w3id.org/um/ken4256/hero/graviton_frank_hall,GRAVITON/FRANK HALL
https://w3id.org/um/ken4256/hero/gremlin,GREMLIN/
https://w3id.org/um/ken4256/hero/hardrive,HARDRIVE
https://w3id.org/um/ken4256/hero/hercules_doppelgange,HERCULES DOPPELGANGE
https://w3id.org/um/ken4256/hero/hulk_doppelganger_ii,HULK DOPPELGANGER II
https://w3id.org/um/ken4256/hero/hunch,HUNCH
https://w3id.org/um/ken4256/hero/husk_paige_guthrie,HUSK/PAIGE GUTHRIE
https://w3id.org/um/ken4256/hero/husk_paige_guthrie,HUSK/PAIGE GUTHRIE |
https://w3id.org/um/ken4256/hero/iron_man_doppelgange,IRON MAN DOPPELGANGE
https://w3id.org/um/ken4256/hero/joyboy,JOYBOY
https://w3id.org/um/ken4256/hero/leviathan_ii_edward,LEVIATHAN II/EDWARD 
https://w3id.org/um/ken4256/hero/living_tribunal,LIVING TRIBUNAL
https://w3id.org/um/ken4256/hero/lucifer,LUCIFER
https://w3id.org/um/ken4256/hero/magus,MAGUS
https://w3id.org/um/ken4256/hero/mam_selle_hepzibah,MAM'SELLE HEPZIBAH
https://w3id.org/um/ken4256/hero/marx,MARX
https://w3id.org/um/ken4256/hero/melter_bruno_horgan,MELTER/BRUNO HORGAN
https://w3id.org/um/ken4256/hero/merlyn,MERLYN
https://w3id.org/um/ken4256/hero/mole_man_harvey_rupe,MOLE MAN/HARVEY RUPE
https://w3id.org/um/ken4256/hero/moon_knight_doppelga,MOON KNIGHT DOPPELGA
https://w3id.org/um/ken4256/hero/moondragon_doppelgan,MOONDRAGON DOPPELGAN
https://w3id.org/um/ken4256/hero/mr_fantastic_doppel,MR. FANTASTIC DOPPEL
https://w3id.org/um/ken4256/hero/ms_marvel_ii_sharon,MS. MARVEL II/SHARON
https://w3id.org/um/ken4256/hero/multiple_man_doppelg,MULTIPLE MAN DOPPELG
https://w3id.org/um/ken4256/hero/mysterio_quentin_bec,MYSTERIO/QUENTIN BEC
https://w3id.org/um/ken4256/hero/n_astirh,N'ASTIRH
https://w3id.org/um/ken4256/hero/namorita_doppelgange,NAMORITA DOPPELGANGE
https://w3id.org/um/ken4256/hero/nova_doppelganger_ii,NOVA DOPPELGANGER II
https://w3id.org/um/ken4256/hero/ogre,OGRE
https://w3id.org/um/ken4256/hero/onslaught_ii,ONSLAUGHT II
https://w3id.org/um/ken4256/hero/paibok_capt_skrul,"PAIBOK, CAPT. [SKRUL"
https://w3id.org/um/ken4256/hero/petrovitch_ivan,"PETROVITCH, IVAN"
https://w3id.org/um/ken4256/hero/phoenix_ii,PHOENIX II
https://w3id.org/um/ken4256/hero/pip_prince_gofern,PIP/PRINCE GOFERN
https://w3id.org/um/ken4256/hero/power_dr_jim,"POWER, DR. JIM"
https://w3id.org/um/ken4256/hero/professor_power_anth,PROFESSOR POWER/ANTH
https://w3id.org/um/ken4256/hero/psynapse,PSYNAPSE
https://w3id.org/um/ken4256/hero/puck_doppelganger_ii,PUCK DOPPELGANGER II
https://w3id.org/um/ken4256/hero/puppet_master_philli,PUPPET MASTER/PHILLI
https://w3id.org/um/ken4256/hero/quasar_ii,QUASAR II
https://w3id.org/um/ken4256/hero/quicksilver_doppelga,QUICKSILVER DOPPELGA
https://w3id.org/um/ken4256/hero/radioactive_man_dr,RADIOACTIVE MAN/DR. 
https://w3id.org/um/ken4256/hero/raza_longknife,RAZA LONGKNIFE
https://w3id.org/um/ken4256/hero/red_raven,RED RAVEN
https://w3id.org/um/ken4256/hero/richards_franklink,"RICHARDS, FRANKLINK "
https://w3id.org/um/ken4256/hero/ringtoss,RINGTOSS
https://w3id.org/um/ken4256/hero/rogers_capt_steven,"ROGERS, CAPT. STEVEN"
https://w3id.org/um/ken4256/hero/sasquatch_doppelgang,SASQUATCH DOPPELGANG
https://w3id.org/um/ken4256/hero/scarecrow_ebenezer_l,SCARECROW/EBENEZER L
https://w3id.org/um/ken4256/hero/scarlet_witch_doppel,SCARLET WITCH DOPPEL
https://w3id.org/um/ken4256/hero/sentinels,SENTINELS
https://w3id.org/um/ken4256/hero/shaman_michael_twoyo,SHAMAN/MICHAEL TWOYO
https://w3id.org/um/ken4256/hero/silver_surfer_impost,SILVER SURFER IMPOST
https://w3id.org/um/ken4256/hero/smasher_iv,SMASHER IV
https://w3id.org/um/ken4256/hero/stone_tiberius,"STONE, TIBERIUS"
https://w3id.org/um/ken4256/hero/storm_doppelganger_i,STORM DOPPELGANGER I
https://w3id.org/um/ken4256/hero/sunder,SUNDER
https://w3id.org/um/ken4256/hero/super_adaptoid_aless,SUPER-ADAPTOID/ALESS
https://w3id.org/um/ken4256/hero/thanos,THANOS
https://w3id.org/um/ken4256/hero/thanos_doppelganger,THANOS DOPPELGANGER
https://w3id.org/um/ken4256/hero/thing_doppelganger_i,THING DOPPELGANGER I
https://w3id.org/um/ken4256/hero/thinker,THINKER
https://w3id.org/um/ken4256/hero/titan,TITAN
https://w3id.org/um/ken4256/hero/tusk,TUSK
https://w3id.org/um/ken4256/hero/unicorn_mylos_masary,UNICORN/MYLOS MASARY
https://w3id.org/um/ken4256/hero/venus_aphrodite_vict,VENUS/APHRODITE/VICT
https://w3id.org/um/ken4256/hero/vision_doppelganger,VISION DOPPELGANGER
https://w3id.org/um/ken4256/hero/vision_doppelganger,VISION DOPPELGANGER 
https://w3id.org/um/ken4256/hero/vulture_adrian_toome,VULTURE/ADRIAN TOOME
https://w3id.org/um/ken4256/hero/wolfsbane_doppelgang,WOLFSBANE DOPPELGANG
https://w3id.org/um/ken4256/hero/wolverine_doppelgang,WOLVERINE DOPPELGANG
https://w3id.org/um/ken4256/hero/yap,YAP
https://w3id.org/um/ken4256/hero/yellowjacket_iii_hen,YELLOWJACKET III/HEN
https://w3id.org/um/ken4256/hero/ziran,ZIRAN
https://w3id.org/um/ken4256/hero/flores_jamie,"FLORES, JAMIE"
https://w3id.org/um/ken4256/hero/newmark_lotus,"NEWMARK, LOTUS"
https://w3id.org/um/ken4256/hero/saroyan_neal,"SAROYAN, NEAL"
https://w3id.org/um/ken4256/hero/angler,ANGLER
https://w3id.org/um/ken4256/hero/atlas,ATLAS
https://w3id.org/um/ken4256/hero/ballantine_devon,"BALLANTINE, DEVON"
https://w3id.org/um/ken4256/hero/korath_the_pursuer,KORATH THE PURSUER
https://w3id.org/um/ken4256/hero/minerva_kree,MINERVA [KREE]
https://w3id.org/um/ken4256/hero/s_ym,S'YM
https://w3id.org/um/ken4256/hero/annihilus,ANNIHILUS
https://w3id.org/um/ken4256/hero/blastaar,BLASTAAR
https://w3id.org/um/ken4256/hero/ebony,EBONY
https://w3id.org/um/ken4256/hero/ronan_the_accuser_k,RONAN THE ACCUSER [K
https://w3id.org/um/ken4256/hero/steele_bobby,"STEELE, BOBBY"
https://w3id.org/um/ken4256/hero/sergei,SERGEI
https://w3id.org/um/ken4256/hero/chief_examiner,CHIEF EXAMINER
https://w3id.org/um/ken4256/hero/bova,BOVA
https://w3id.org/um/ken4256/hero/osborn_harry,"OSBORN, HARRY"
https://w3id.org/um/ken4256/hero/answer_ii_david_ferr,ANSWER II/DAVID FERR
https://w3id.org/um/ken4256/hero/red_skull_johann_sch,RED SKULL/JOHANN SCH
https://w3id.org/um/ken4256/hero/antoinette_marie,"ANTOINETTE, MARIE"
https://w3id.org/um/ken4256/hero/ape_man_gordon_monk,APE MAN/GORDON MONK 
https://w3id.org/um/ken4256/hero/apocryphus,APOCRYPHUS
https://w3id.org/um/ken4256/hero/arkon,ARKON
https://w3id.org/um/ken4256/hero/arsenal,ARSENAL
https://w3id.org/um/ken4256/hero/astrovik_norma,"ASTROVIK, NORMA"
https://w3id.org/um/ken4256/hero/basallo_lava_men_kin,BASALLO/LAVA MEN KIN
https://w3id.org/um/ken4256/hero/beast_doppelganger,BEAST DOPPELGANGER
https://w3id.org/um/ken4256/hero/beere_jason,"BEERE, JASON"
https://w3id.org/um/ken4256/hero/big_bertha_ashley_cr,BIG BERTHA/ASHLEY CR
https://w3id.org/um/ken4256/hero/black_crow_jesse_bla,BLACK CROW/JESSE BLA
https://w3id.org/um/ken4256/hero/black_knight_ii_sir,BLACK KNIGHT II/SIR 
https://w3id.org/um/ken4256/hero/black_knight_v_statu,BLACK KNIGHT V STATU
https://w3id.org/um/ken4256/hero/blood_brothers,BLOOD BROTHERS
https://w3id.org/um/ken4256/hero/busiek_kurt,"BUSIEK, KURT"
https://w3id.org/um/ken4256/hero/cancer_jack_kleveno,CANCER/JACK KLEVENO
https://w3id.org/um/ken4256/hero/capricorn_willard_we,CAPRICORN/WILLARD WE
https://w3id.org/um/ken4256/hero/carina_carina_walter,CARINA/CARINA WALTER
https://w3id.org/um/ken4256/hero/carnivore_count_andr,CARNIVORE/COUNT ANDR
https://w3id.org/um/ken4256/hero/carter_sharon,"CARTER, SHARON"
https://w3id.org/um/ken4256/hero/chakara_kanu,"CHAKARA, KANU"
https://w3id.org/um/ken4256/hero/chameleon_dmitri_sme,CHAMELEON/DMITRI SME
https://w3id.org/um/ken4256/hero/champion_imus,"CHAMPION, IMUS"
https://w3id.org/um/ken4256/hero/chandler_peggy,"CHANDLER, PEGGY"
https://w3id.org/um/ken4256/hero/colossus,COLOSSUS
https://w3id.org/um/ken4256/hero/conquest_bridget_mal,CONQUEST/BRIDGET MAL
https://w3id.org/um/ken4256/hero/controller_basil_san,CONTROLLER/BASIL SAN
https://w3id.org/um/ken4256/hero/cord_janice,"CORD, JANICE"
https://w3id.org/um/ken4256/hero/crimson_cowl_ii,CRIMSON COWL II/
https://w3id.org/um/ken4256/hero/crimson_dynamo_iii_a,CRIMSON DYNAMO III/A
https://w3id.org/um/ken4256/hero/d_ken_shi_ar,D'KEN [SHI'AR]
https://w3id.org/um/ken4256/hero/daredevil_doppelgang,DAREDEVIL DOPPELGANG
https://w3id.org/um/ken4256/hero/de_la_fontaine_cont,"DE LA FONTAINE, CONT"
https://w3id.org/um/ken4256/hero/death_stalker,DEATH-STALKER
https://w3id.org/um/ken4256/hero/deathcry_shi_ar,DEATHCRY [SHI'AR]
https://w3id.org/um/ken4256/hero/deathunt_9000,DEATHUNT 9000
https://w3id.org/um/ken4256/hero/decay_ii_yoshiro_hac,DECAY II/YOSHIRO HAC
https://w3id.org/um/ken4256/hero/dinah_soar,DINAH-SOAR
https://w3id.org/um/ken4256/hero/doomsday_man,DOOMSDAY MAN
https://w3id.org/um/ken4256/hero/dorma_ii_atlantean,DORMA II [ATLANTEAN]
https://w3id.org/um/ken4256/hero/dr_spectrum_ii_dr,DR. SPECTRUM II/DR. 
https://w3id.org/um/ken4256/hero/egghead_prof_elihas,EGGHEAD/PROF. ELIHAS
https://w3id.org/um/ken4256/hero/fin_fang_foom_midgar,FIN FANG FOOM/MIDGAR
https://w3id.org/um/ken4256/hero/flatman,FLATMAN
https://w3id.org/um/ken4256/hero/fool,FOOL
https://w3id.org/um/ken4256/hero/freeman_duane_jerom,"FREEMAN, DUANE JEROM"
https://w3id.org/um/ken4256/hero/gemini_joshua_link,GEMINI/JOSHUA LINK
https://w3id.org/um/ken4256/hero/growing_man,GROWING MAN
https://w3id.org/um/ken4256/hero/guardsman_kevin_o_br,GUARDSMAN/KEVIN O'BR
https://w3id.org/um/ken4256/hero/heywerth_general,"HEYWERTH, GENERAL"
https://w3id.org/um/ken4256/hero/hitler_adolf,"HITLER, ADOLF"
https://w3id.org/um/ken4256/hero/horton_professor_ph,"HORTON, PROFESSOR PH"
https://w3id.org/um/ken4256/hero/hulk_doppelganger,HULK DOPPELGANGER
https://w3id.org/um/ken4256/hero/hulk_iii_bruce_banne,HULK III/BRUCE BANNE
https://w3id.org/um/ken4256/hero/human_torch_doppelga,HUMAN TORCH DOPPELGA
https://w3id.org/um/ken4256/hero/immortus_marcus,"IMMORTUS, MARCUS"
https://w3id.org/um/ken4256/hero/iron_fist_h_ylthri_i,IRON FIST H'YLTHRI I
https://w3id.org/um/ken4256/hero/isaac,ISAAC
https://w3id.org/um/ken4256/hero/itzamna,ITZAMNA
https://w3id.org/um/ken4256/hero/jennings_joseph,"JENNINGS, JOSEPH"
https://w3id.org/um/ken4256/hero/jinku,JINKU
https://w3id.org/um/ken4256/hero/karnak_doppelganger,KARNAK DOPPELGANGER
https://w3id.org/um/ken4256/hero/kerem,KEREM
https://w3id.org/um/ken4256/hero/korvac_michael,"KORVAC, MICHAEL"
https://w3id.org/um/ken4256/hero/krang_atlantean,KRANG [ATLANTEAN]
https://w3id.org/um/ken4256/hero/leo_daniel_radford,LEO/DANIEL RADFORD
https://w3id.org/um/ken4256/hero/libra_iii,LIBRA III/
https://w3id.org/um/ken4256/hero/living_laser_arthur,LIVING LASER/ARTHUR 
https://w3id.org/um/ken4256/hero/lord_templar,LORD TEMPLAR/
https://w3id.org/um/ken4256/hero/maclain_dr_myron,"MACLAIN, DR. MYRON"
https://w3id.org/um/ken4256/hero/madame_masque_iii,MADAME MASQUE III
https://w3id.org/um/ken4256/hero/magdalene_marissa_da,MAGDALENE/MARISSA DA
https://w3id.org/um/ken4256/hero/magruder_allie,"MAGRUDER, ALLIE"
https://w3id.org/um/ken4256/hero/man_ape_m_baku,MAN-APE/M'BAKU
https://w3id.org/um/ken4256/hero/manitou,MANITOU
https://w3id.org/um/ken4256/hero/mantis_brandt,MANTIS/? BRANDT
https://w3id.org/um/ken4256/hero/mantis_space_phanto,MANTIS (SPACE PHANTO
https://w3id.org/um/ken4256/hero/marilla_inhuman,MARILLA [INHUMAN]
https://w3id.org/um/ken4256/hero/mclaren_megan,"MCLAREN, MEGAN"
https://w3id.org/um/ken4256/hero/mephisitoid,MEPHISITOID
https://w3id.org/um/ken4256/hero/midas,MIDAS
https://w3id.org/um/ken4256/hero/mordred_the_evil,MORDRED THE EVIL
https://w3id.org/um/ken4256/hero/mother_superior,MOTHER SUPERIOR
https://w3id.org/um/ken4256/hero/mowat_farley,"MOWAT, FARLEY"
https://w3id.org/um/ken4256/hero/mr_immortal,MR. IMMORTAL
https://w3id.org/um/ken4256/hero/northstar_doppelgang,NORTHSTAR DOPPELGANG
https://w3id.org/um/ken4256/hero/nuada,NUADA
https://w3id.org/um/ken4256/hero/nugent_alice,"NUGENT, ALICE"
https://w3id.org/um/ken4256/hero/oneg,ONEG
https://w3id.org/um/ken4256/hero/osiris,OSIRIS
https://w3id.org/um/ken4256/hero/paretsky_dr_gary,"PARETSKY, DR. GARY"
https://w3id.org/um/ken4256/hero/parks_joe,"PARKS, JOE"
https://w3id.org/um/ken4256/hero/pecos_bill,PECOS BILL
https://w3id.org/um/ken4256/hero/polaris_doppelganger,POLARIS DOPPELGANGER
https://w3id.org/um/ken4256/hero/prentiss_betty_dean,"PRENTISS, BETTY DEAN"
https://w3id.org/um/ken4256/hero/proctor,PROCTOR
https://w3id.org/um/ken4256/hero/professor_x_doppelga,PROFESSOR X DOPPELGA
https://w3id.org/um/ken4256/hero/raa,RAA
https://w3id.org/um/ken4256/hero/rambeau_maria,"RAMBEAU, MARIA"
https://w3id.org/um/ken4256/hero/ramirez_javier,"RAMIREZ, JAVIER"
https://w3id.org/um/ken4256/hero/random,RANDOM
https://w3id.org/um/ken4256/hero/rawhide_kid,RAWHIDE KID
https://w3id.org/um/ken4256/hero/red_guardian_ii_alex,RED GUARDIAN II/ALEX
https://w3id.org/um/ken4256/hero/red_wolf_wildrun,RED WOLF/WILDRUN
https://w3id.org/um/ken4256/hero/reptyl,REPTYL
https://w3id.org/um/ken4256/hero/riddley_hiram_ram,"RIDDLEY, HIRAM RAM"
https://w3id.org/um/ken4256/hero/rodgers_marianne,"RODGERS, MARIANNE"
https://w3id.org/um/ken4256/hero/rudolfo_prince,"RUDOLFO, PRINCE"
https://w3id.org/um/ken4256/hero/saxon_starr,"SAXON, STARR"
https://w3id.org/um/ken4256/hero/sensational_hydra_a,SENSATIONAL HYDRA/A 
https://w3id.org/um/ken4256/hero/sikorsky_raymond,"SIKORSKY, RAYMOND"
https://w3id.org/um/ken4256/hero/silverclaw_la_garra,SILVERCLAW/LA GARRA 
https://w3id.org/um/ken4256/hero/sister_agony,SISTER AGONY
https://w3id.org/um/ken4256/hero/sister_death,SISTER DEATH
https://w3id.org/um/ken4256/hero/sister_dream,SISTER DREAM
https://w3id.org/um/ken4256/hero/sister_pleasure_scar,SISTER PLEASURE/SCAR
https://w3id.org/um/ken4256/hero/space_phantom,SPACE PHANTOM
https://w3id.org/um/ken4256/hero/speedball_doppelgang,SPEEDBALL DOPPELGANG
https://w3id.org/um/ken4256/hero/spragg,SPRAGG
https://w3id.org/um/ken4256/hero/sssith,SSSITH
https://w3id.org/um/ken4256/hero/st_thomas_jules,"ST. THOMAS, JULES"
https://w3id.org/um/ken4256/hero/stonecutter_utama_to,STONECUTTER/UTAMA TO
https://w3id.org/um/ken4256/hero/strong_guy_doppelgan,STRONG GUY DOPPELGAN
https://w3id.org/um/ken4256/hero/stunt_master_george,STUNT-MASTER/GEORGE 
https://w3id.org/um/ken4256/hero/sturdy_prof_kennet,"STURDY, PROF. KENNET"
https://w3id.org/um/ken4256/hero/super_nova,SUPER-NOVA
https://w3id.org/um/ken4256/hero/superia_wentworth_d,"SUPERIA/WENTWORTH, D"
https://w3id.org/um/ken4256/hero/svarog,SVAROG
https://w3id.org/um/ken4256/hero/swordsman_ii_cotati,SWORDSMAN II/COTATI
https://w3id.org/um/ken4256/hero/swordsman_iii_philip,SWORDSMAN III/PHILIP
https://w3id.org/um/ken4256/hero/swordsman_jacques_du,SWORDSMAN/JACQUES DU
https://w3id.org/um/ken4256/hero/taskmaster,TASKMASTER
https://w3id.org/um/ken4256/hero/tempest_ii_nicolette,TEMPEST II/NICOLETTE
https://w3id.org/um/ken4256/hero/tezcatlipoca,TEZCATLIPOCA
https://w3id.org/um/ken4256/hero/thane_ector,THANE ECTOR
https://w3id.org/um/ken4256/hero/tower_blake,"TOWER, BLAKE"
https://w3id.org/um/ken4256/hero/tremont_jonathan,"TREMONT, JONATHAN"
https://w3id.org/um/ken4256/hero/tuc,TUC
https://w3id.org/um/ken4256/hero/two_gun_kid,TWO-GUN KID
https://w3id.org/um/ken4256/hero/tyndar,TYNDAR
https://w3id.org/um/ken4256/hero/typhoid_mary_mary_me,TYPHOID MARY/MARY ME
https://w3id.org/um/ken4256/hero/tyrak,TYRAK
https://w3id.org/um/ken4256/hero/u_man_merrano,U-MAN/MERRANO
https://w3id.org/um/ken4256/hero/uncle_sam,UNCLE SAM
https://w3id.org/um/ken4256/hero/usagent_doppelganger,USAGENT DOPPELGANGER
https://w3id.org/um/ken4256/hero/walters_chap,"WALTERS, CHAP"
https://w3id.org/um/ken4256/hero/war_toy_alkhema,WAR TOY/ALKHEMA
https://w3id.org/um/ken4256/hero/whizzer_iii_james_sa,WHIZZER III/JAMES SA
https://w3id.org/um/ken4256/hero/widow_maker,WIDOW-MAKER
https://w3id.org/um/ken4256/hero/withers,WITHERS
https://w3id.org/um/ken4256/hero/woo_jimmy,"WOO, JIMMY"
https://w3id.org/um/ken4256/hero/zola_arnim,"ZOLA, ARNIM"
https://w3id.org/um/ken4256/hero/hijacker,HIJACKER
https://w3id.org/um/ken4256/hero/letha,LETHA
https://w3id.org/um/ken4256/hero/malice_iii,MALICE III
https://w3id.org/um/ken4256/hero/martinelli_vincent,"MARTINELLI, VINCENT "
https://w3id.org/um/ken4256/hero/mirage,MIRAGE
https://w3id.org/um/ken4256/hero/titania,TITANIA/
https://w3id.org/um/ken4256/hero/manipulator,MANIPULATOR/
https://w3id.org/um/ken4256/hero/nelson_debbie_harri,"NELSON, DEBBIE HARRI"
https://w3id.org/um/ken4256/hero/ape_man_ii_roy_mcvey,APE MAN II/ROY MCVEY
https://w3id.org/um/ken4256/hero/glenn_heather,"GLENN, HEATHER"
https://w3id.org/um/ken4256/hero/haywire,HAYWIRE/
https://w3id.org/um/ken4256/hero/baron_brimstone,BARON BRIMSTONE/
https://w3id.org/um/ken4256/hero/harbinger,HARBINGER
https://w3id.org/um/ken4256/hero/apollo_greek_god,APOLLO [GREEK GOD]
https://w3id.org/um/ken4256/hero/artemis,ARTEMIS
https://w3id.org/um/ken4256/hero/hephaestus,HEPHAESTUS
https://w3id.org/um/ken4256/hero/magma_amara_aquilla,MAGMA/AMARA AQUILLA/
https://w3id.org/um/ken4256/hero/neptune_olympian,NEPTUNE [OLYMPIAN]
https://w3id.org/um/ken4256/hero/divinity,DIVINITY
https://w3id.org/um/ken4256/hero/shakti,SHAKTI
https://w3id.org/um/ken4256/hero/technarx,TECHNARX
https://w3id.org/um/ken4256/hero/jack_o_lantern_ii_ma,JACK O'LANTERN II/MA
https://w3id.org/um/ken4256/hero/jameson_marla_madis,"JAMESON, MARLA MADIS"
https://w3id.org/um/ken4256/hero/aquarian_wundarr,AQUARIAN/WUNDARR
https://w3id.org/um/ken4256/hero/man_thing_theodore_t,MAN-THING/THEODORE T
https://w3id.org/um/ken4256/hero/melton_lorrie,"MELTON, LORRIE"
https://w3id.org/um/ken4256/hero/modred_the_mystic,MODRED THE MYSTIC
https://w3id.org/um/ken4256/hero/nelson_candace,"NELSON, CANDACE"
https://w3id.org/um/ken4256/hero/aquarius_darren_bent,AQUARIUS/DARREN BENT
https://w3id.org/um/ken4256/hero/aries_marcus_lassite,ARIES/MARCUS LASSITE
https://w3id.org/um/ken4256/hero/pisces_noah_perricon,PISCES/NOAH PERRICON
https://w3id.org/um/ken4256/hero/scorpio_jake_fury,SCORPIO/JAKE FURY
https://w3id.org/um/ken4256/hero/box_iv_madison_jeffr,BOX IV/MADISON JEFFR
https://w3id.org/um/ken4256/hero/nebulon,NEBULON
https://w3id.org/um/ken4256/hero/ultimus,ULTIMUS
https://w3id.org/um/ken4256/hero/mentor_ii,MENTOR II
https://w3id.org/um/ken4256/hero/erwin_morley,"ERWIN, MORLEY"
https://w3id.org/um/ken4256/hero/cutthroat_daniel_lei,CUTTHROAT/DANIEL LEI
https://w3id.org/um/ken4256/hero/hibbert_hope,"HIBBERT, HOPE"
https://w3id.org/um/ken4256/hero/masters_dr_august,"MASTERS, DR. AUGUST"
https://w3id.org/um/ken4256/hero/talisman_ii_elizabet,TALISMAN II/ELIZABET
https://w3id.org/um/ken4256/hero/solo,SOLO/
https://w3id.org/um/ken4256/hero/captain_america_v_ro,CAPTAIN AMERICA V/RO
https://w3id.org/um/ken4256/hero/taylor_leila,"TAYLOR, LEILA"
https://w3id.org/um/ken4256/hero/elysius,ELYSIUS
https://w3id.org/um/ken4256/hero/moy_alyssa,"MOY, ALYSSA"
https://w3id.org/um/ken4256/hero/puppy,PUPPY
https://w3id.org/um/ken4256/hero/farrel_mike,"FARREL, MIKE"
https://w3id.org/um/ken4256/hero/dracula_vlad_tepes,DRACULA/VLAD TEPES
https://w3id.org/um/ken4256/hero/blake_becky,"BLAKE, BECKY"
https://w3id.org/um/ken4256/hero/cassada_carlos,"CASSADA, CARLOS"
https://w3id.org/um/ken4256/hero/cassada_michael,"CASSADA, MICHAEL"
https://w3id.org/um/ken4256/hero/cassada_roberto,"CASSADA, ROBERTO"
https://w3id.org/um/ken4256/hero/cassada_rosa,"CASSADA, ROSA"
https://w3id.org/um/ken4256/hero/leeds_ned,"LEEDS, NED"
https://w3id.org/um/ken4256/hero/puma_thomas_firehear,PUMA/THOMAS FIREHEAR
https://w3id.org/um/ken4256/hero/swann_dr_evan,"SWANN, DR. EVAN"
https://w3id.org/um/ken4256/hero/watson_anna,"WATSON, ANNA"
https://w3id.org/um/ken4256/hero/arsenic,ARSENIC
https://w3id.org/um/ken4256/hero/barium,BARIUM
https://w3id.org/um/ken4256/hero/carbon,CARBON
https://w3id.org/um/ken4256/hero/disprosium,DISPROSIUM
https://w3id.org/um/ken4256/hero/erbium,ERBIUM
https://w3id.org/um/ken4256/hero/indium,INDIUM
https://w3id.org/um/ken4256/hero/iron,IRON
https://w3id.org/um/ken4256/hero/sodium,SODIUM
https://w3id.org/um/ken4256/hero/number_nine,NUMBER NINE
https://w3id.org/um/ken4256/hero/wingfoot_wynona,"WINGFOOT, WYNONA"
https://w3id.org/um/ken4256/hero/bird_man_iii,BIRD MAN III/
https://w3id.org/um/ken4256/hero/diamond_lil_lillian,DIAMOND LIL/LILLIAN 
https://w3id.org/um/ken4256/hero/doughboy,DOUGHBOY
https://w3id.org/um/ken4256/hero/grappler,GRAPPLER
https://w3id.org/um/ken4256/hero/hellrazor,HELLRAZOR
https://w3id.org/um/ken4256/hero/kraken,KRAKEN
https://w3id.org/um/ken4256/hero/mindwave,MINDWAVE
https://w3id.org/um/ken4256/hero/mother_night_susan_s,MOTHER NIGHT/SUSAN S
https://w3id.org/um/ken4256/hero/rapier,RAPIER
https://w3id.org/um/ken4256/hero/scorpion_macdonald_g,SCORPION/MACDONALD G
https://w3id.org/um/ken4256/hero/sleeper,SLEEPER
https://w3id.org/um/ken4256/hero/steeplejack_ii_maxwe,STEEPLEJACK II/MAXWE
https://w3id.org/um/ken4256/hero/tinkerer,TINKERER
https://w3id.org/um/ken4256/hero/vamp,VAMP
https://w3id.org/um/ken4256/hero/voice,VOICE
https://w3id.org/um/ken4256/hero/witchfire,WITCHFIRE
https://w3id.org/um/ken4256/hero/shatterax,SHATTERAX
https://w3id.org/um/ken4256/hero/gardener_ord_zyonyz,GARDENER/ORD ZYONYZ 
https://w3id.org/um/ken4256/hero/terrax_ii_tyros,TERRAX II/TYROS
https://w3id.org/um/ken4256/hero/brickman_gloria,"BRICKMAN, GLORIA"
https://w3id.org/um/ken4256/hero/kruma_talia,"KRUMA, TALIA"
https://w3id.org/um/ken4256/hero/box_roger_bochs,BOX/ROGER BOCHS
https://w3id.org/um/ken4256/hero/dorma_atlantean,DORMA [ATLANTEAN]
https://w3id.org/um/ken4256/hero/eel_leopold_stryke,EEL/LEOPOLD STRYKE
https://w3id.org/um/ken4256/hero/torg,TORG
https://w3id.org/um/ken4256/hero/jackson_curtiss,"JACKSON, CURTISS"
https://w3id.org/um/ken4256/hero/malus_dr_karl,"MALUS, DR. KARL"
https://w3id.org/um/ken4256/hero/caldrone_javier,"CALDRONE, JAVIER"
https://w3id.org/um/ken4256/hero/prowler_hobie_brown,PROWLER/HOBIE BROWN
https://w3id.org/um/ken4256/hero/twaki_dr_ted,"TWAKI, DR. TED"
https://w3id.org/um/ken4256/hero/goblyn,GOBLYN
https://w3id.org/um/ken4256/hero/pathway_laura_dean,PATHWAY/LAURA DEAN
https://w3id.org/um/ken4256/hero/persuasion_kara_kill,PERSUASION/KARA KILL
https://w3id.org/um/ken4256/hero/windshear_colin_ashw,WINDSHEAR/COLIN ASHW
https://w3id.org/um/ken4256/hero/aurora_doppelganger,AURORA DOPPELGANGER
https://w3id.org/um/ken4256/hero/manikin_dr_whitman,MANIKIN/DR. WHITMAN 
https://w3id.org/um/ken4256/hero/wild_child_doppelgan,WILD CHILD DOPPELGAN
https://w3id.org/um/ken4256/hero/baron_strucker_wolfg,BARON STRUCKER/WOLFG
https://w3id.org/um/ken4256/hero/bile,BILE/
https://w3id.org/um/ken4256/hero/black_knight_iv_dopp,BLACK KNIGHT IV DOPP
https://w3id.org/um/ken4256/hero/black_widow_doppelga,BLACK WIDOW DOPPELGA
https://w3id.org/um/ken4256/hero/brain_drain_werner_s,BRAIN DRAIN/WERNER S
https://w3id.org/um/ken4256/hero/doppelganger,DOPPELGANGER
https://w3id.org/um/ken4256/hero/harris_eddie,"HARRIS, EDDIE"
https://w3id.org/um/ken4256/hero/miss_mass,MISS MASS/
https://w3id.org/um/ken4256/hero/puck_doppelganger,PUCK DOPPELGANGER
https://w3id.org/um/ken4256/hero/sinew,SINEW/
https://w3id.org/um/ken4256/hero/strongarm,STRONGARM/
https://w3id.org/um/ken4256/hero/tech_noir,TECH-NOIR/
https://w3id.org/um/ken4256/hero/triton_doppelganger,TRITON DOPPELGANGER
https://w3id.org/um/ken4256/hero/triton_doppelganger,TRITON DOPPELGANGER 
https://w3id.org/um/ken4256/hero/jackson_andrew_jock,"JACKSON, ANDREW JOCK"
https://w3id.org/um/ken4256/hero/joyce_samantha,"JOYCE, SAMANTHA"
https://w3id.org/um/ken4256/hero/majowski_sam_mother,"MAJOWSKI, SAM MOTHER"
https://w3id.org/um/ken4256/hero/flag_smasher,FLAG-SMASHER
https://w3id.org/um/ken4256/hero/left_winger_hector_l,LEFT-WINGER/HECTOR L
https://w3id.org/um/ken4256/hero/strucker_andrea,"STRUCKER, ANDREA"
https://w3id.org/um/ken4256/hero/strucker_andreas,"STRUCKER, ANDREAS"
https://w3id.org/um/ken4256/hero/magnum_moses,"MAGNUM, MOSES"
https://w3id.org/um/ken4256/hero/golden_blade,GOLDEN-BLADE
https://w3id.org/um/ken4256/hero/ultimo,ULTIMO
https://w3id.org/um/ken4256/hero/black_fox_ii,BLACK FOX II/
https://w3id.org/um/ken4256/hero/utgard_loki,UTGARD-LOKI
https://w3id.org/um/ken4256/hero/volla,VOLLA
https://w3id.org/um/ken4256/hero/primus,PRIMUS
https://w3id.org/um/ken4256/hero/stanford_dwight_rol,"STANFORD, DWIGHT ROL"
https://w3id.org/um/ken4256/hero/electron,ELECTRON
https://w3id.org/um/ken4256/hero/puentes_donna_maria,"PUENTES, DONNA MARIA"
https://w3id.org/um/ken4256/hero/ballantine_mr,"BALLANTINE, MR."
https://w3id.org/um/ken4256/hero/wayopex,WAYOPEX
https://w3id.org/um/ken4256/hero/balor,BALOR
https://w3id.org/um/ken4256/hero/bres,BRES
https://w3id.org/um/ken4256/hero/cethlann,CETHLANN
https://w3id.org/um/ken4256/hero/elathan,ELATHAN
https://w3id.org/um/ken4256/hero/tethra,TETHRA
https://w3id.org/um/ken4256/hero/brutus,BRUTUS
https://w3id.org/um/ken4256/hero/koenig_eric,"KOENIG, ERIC"
https://w3id.org/um/ken4256/hero/reagan_ronald,"REAGAN, RONALD"
https://w3id.org/um/ken4256/hero/shaper_of_worlds,SHAPER OF WORLDS
https://w3id.org/um/ken4256/hero/empath_manuel_alfons,EMPATH/MANUEL ALFONS
https://w3id.org/um/ken4256/hero/lee_stan,"LEE, STAN"
https://w3id.org/um/ken4256/hero/waldo,WALDO
https://w3id.org/um/ken4256/hero/cobalt,COBALT
https://w3id.org/um/ken4256/hero/cagliostro_alessand,"CAGLIOSTRO, ALESSAND"
https://w3id.org/um/ken4256/hero/baron_blood_john_fal,BARON BLOOD/JOHN FAL
https://w3id.org/um/ken4256/hero/lady_lotus,LADY LOTUS
https://w3id.org/um/ken4256/hero/miss_america_madelin,MISS AMERICA/MADELIN
https://w3id.org/um/ken4256/hero/prince_diana,"PRINCE, DIANA"
https://w3id.org/um/ken4256/hero/ralston_senator_rob,"RALSTON, SENATOR ROB"
https://w3id.org/um/ken4256/hero/sawyer_general_samu,"SAWYER, GENERAL SAMU"
https://w3id.org/um/ken4256/hero/warrior_woman_julia,WARRIOR WOMAN/JULIA 
https://w3id.org/um/ken4256/hero/quinn_pamela,"QUINN, PAMELA"
https://w3id.org/um/ken4256/hero/barton_sen,"BARTON, SEN."
https://w3id.org/um/ken4256/hero/bitmap,BITMAP/
https://w3id.org/um/ken4256/hero/brown_laura,"BROWN, LAURA"
https://w3id.org/um/ken4256/hero/catwalk_kimberly_dee,CATWALK/KIMBERLY DEE
https://w3id.org/um/ken4256/hero/dakini,DAKINI
https://w3id.org/um/ken4256/hero/dice_rob_fortune,DICE/ROB FORTUNE
https://w3id.org/um/ken4256/hero/fishman_dr_jonatha,"FISHMAN, DR. JONATHA"
https://w3id.org/um/ken4256/hero/infomorph,INFOMORPH
https://w3id.org/um/ken4256/hero/killobyte,KILLOBYTE
https://w3id.org/um/ken4256/hero/lump,LUMP
https://w3id.org/um/ken4256/hero/mackenzie_al,"MACKENZIE, AL"
https://w3id.org/um/ken4256/hero/minister_blood,MINISTER BLOOD
https://w3id.org/um/ken4256/hero/moonstomp,MOONSTOMP/
https://w3id.org/um/ken4256/hero/network_nina,NETWORK NINA
https://w3id.org/um/ken4256/hero/neville_kate,"NEVILLE, KATE"
https://w3id.org/um/ken4256/hero/pierce_alexander_go,"PIERCE, ALEXANDER GO"
https://w3id.org/um/ken4256/hero/riot_heidi_slatkin,RIOT/HEIDI SLATKIN
https://w3id.org/um/ken4256/hero/ryder,RYDER
https://w3id.org/um/ken4256/hero/spectrum_sinclair,"SPECTRUM, SINCLAIR"
https://w3id.org/um/ken4256/hero/steel_collar,STEEL COLLAR
https://w3id.org/um/ken4256/hero/strang_col_lt_gar,"STRANG, COL./LT. GAR"
https://w3id.org/um/ken4256/hero/technospike,TECHNOSPIKE
https://w3id.org/um/ken4256/hero/terrel_deborah,"TERREL, DEBORAH"
https://w3id.org/um/ken4256/hero/wirehead,WIREHEAD
https://w3id.org/um/ken4256/hero/bolt_councilman_and,"BOLT, COUNCILMAN AND"
https://w3id.org/um/ken4256/hero/living_mummy,LIVING MUMMY
https://w3id.org/um/ken4256/hero/machete_ferdinand_lo,MACHETE/FERDINAND LO
https://w3id.org/um/ken4256/hero/muldoon_sgt_brian,"MULDOON, SGT. BRIAN"
https://w3id.org/um/ken4256/hero/muldoon_texas_jack,"MULDOON, TEXAS JACK"
https://w3id.org/um/ken4256/hero/deathstroke,DEATHSTROKE/
https://w3id.org/um/ken4256/hero/mangler,MANGLER/
https://w3id.org/um/ken4256/hero/orb,ORB
https://w3id.org/um/ken4256/hero/iron_cross_helmut_gr,IRON CROSS/HELMUT GR
https://w3id.org/um/ken4256/hero/man_killer_katrina_l,MAN-KILLER/KATRINA L
https://w3id.org/um/ken4256/hero/red_guardian_iv,RED GUARDIAN IV
https://w3id.org/um/ken4256/hero/red_skull_ii_albert,RED SKULL II/ALBERT 
https://w3id.org/um/ken4256/hero/bazin_phillippe,"BAZIN, PHILLIPPE"
https://w3id.org/um/ken4256/hero/powell_jonathan,"POWELL, JONATHAN"
https://w3id.org/um/ken4256/hero/portal_charles_littl,PORTAL/CHARLES LITTL
https://w3id.org/um/ken4256/hero/berserker,BERSERKER
https://w3id.org/um/ken4256/hero/blue_streak,BLUE STREAK/
https://w3id.org/um/ken4256/hero/bowen_father_michae,"BOWEN, FATHER MICHAE"
https://w3id.org/um/ken4256/hero/ch_thon,CH'THON
https://w3id.org/um/ken4256/hero/delgado_father,"DELGADO, FATHER"
https://w3id.org/um/ken4256/hero/gambit_doppelganger,GAMBIT DOPPELGANGER
https://w3id.org/um/ken4256/hero/gambit_doppelganger,GAMBIT DOPPELGANGER 
https://w3id.org/um/ken4256/hero/harderman_quentin,"HARDERMAN, QUENTIN"
https://w3id.org/um/ken4256/hero/hulk_robot,HULK ROBOT
https://w3id.org/um/ken4256/hero/iceman_doppelganger,ICEMAN DOPPELGANGER
https://w3id.org/um/ken4256/hero/kid_colt,KID COLT
https://w3id.org/um/ken4256/hero/leap_frog_vincent_pa,LEAP-FROG/VINCENT PA
https://w3id.org/um/ken4256/hero/mr_luck_ii_philip_g,MR. LUCK II/PHILIP G
https://w3id.org/um/ken4256/hero/night_rider,NIGHT RIDER
https://w3id.org/um/ken4256/hero/nomad_ii_edward_ferb,NOMAD II/EDWARD FERB
https://w3id.org/um/ken4256/hero/red_ronin,RED RONIN
https://w3id.org/um/ken4256/hero/ringo_kid,RINGO KID
https://w3id.org/um/ken4256/hero/scratch_nicholas,"SCRATCH, NICHOLAS"
https://w3id.org/um/ken4256/hero/she_hulk_doppelgange,SHE-HULK DOPPELGANGE
https://w3id.org/um/ken4256/hero/sybyl_dorn,SYBYL DORN
https://w3id.org/um/ken4256/hero/tarantula_anton_migu,TARANTULA/ANTON MIGU
https://w3id.org/um/ken4256/hero/williams_mindy,"WILLIAMS, MINDY"
https://w3id.org/um/ken4256/hero/wolfe_hedy,"WOLFE, HEDY"
https://w3id.org/um/ken4256/hero/yellow_claw_tzing_ja,YELLOW CLAW/TZING JA
https://w3id.org/um/ken4256/hero/beetle_ii_leila_davi,BEETLE II/LEILA DAVI
https://w3id.org/um/ken4256/hero/josten_lindy,"JOSTEN, LINDY"
https://w3id.org/um/ken4256/hero/meteorite_iii_valeri,METEORITE III/VALERI
https://w3id.org/um/ken4256/hero/nuklo_robert_frank_j,NUKLO/ROBERT FRANK J
https://w3id.org/um/ken4256/hero/rebel,REBEL/
https://w3id.org/um/ken4256/hero/ringer_anthony_tony,RINGER/ANTHONY TONY 
https://w3id.org/um/ken4256/hero/scream,SCREAM
https://w3id.org/um/ken4256/hero/smuggler_ii_conrad_j,SMUGGLER II/CONRAD J
https://w3id.org/um/ken4256/hero/zirconium,ZIRCONIUM
https://w3id.org/um/ken4256/hero/burlingame_calvin,"BURLINGAME, CALVIN"
https://w3id.org/um/ken4256/hero/benedict,BENEDICT
https://w3id.org/um/ken4256/hero/jackson_steve,"JACKSON, STEVE"
https://w3id.org/um/ken4256/hero/jones_nell,"JONES, NELL"
https://w3id.org/um/ken4256/hero/jones_tammy_anne,"JONES, TAMMY ANNE"
https://w3id.org/um/ken4256/hero/benway_dr,"BENWAY, DR."
https://w3id.org/um/ken4256/hero/brother_wonderful_dr,BROTHER WONDERFUL/DR
https://w3id.org/um/ken4256/hero/kofi_kymellian,KOFI [KYMELLIAN]
https://w3id.org/um/ken4256/hero/billups_agent,"BILLUPS, AGENT"
https://w3id.org/um/ken4256/hero/branson,BRANSON
https://w3id.org/um/ken4256/hero/cache,CACHE
https://w3id.org/um/ken4256/hero/hate_monger_adolf_hi,HATE-MONGER/ADOLF HI
https://w3id.org/um/ken4256/hero/kemel_mehmet,"KEMEL, MEHMET"
https://w3id.org/um/ken4256/hero/klein_cameron,"KLEIN, CAMERON"
https://w3id.org/um/ken4256/hero/madden_chet,"MADDEN, CHET"
https://w3id.org/um/ken4256/hero/protocide_private_cl,PROTOCIDE/PRIVATE CL
https://w3id.org/um/ken4256/hero/cir_dylon,"CIR, DYLON"
https://w3id.org/um/ken4256/hero/galen_kor_admiral,"GALEN KOR, ADMIRAL ["
https://w3id.org/um/ken4256/hero/hafnium,HAFNIUM
https://w3id.org/um/ken4256/hero/hydron,HYDRON
https://w3id.org/um/ken4256/hero/midgard_serpent,MIDGARD SERPENT
https://w3id.org/um/ken4256/hero/rambeau_frank,"RAMBEAU, FRANK"
https://w3id.org/um/ken4256/hero/thallium,THALLIUM
https://w3id.org/um/ken4256/hero/vakume,VAKUME
https://w3id.org/um/ken4256/hero/jahf,JAHF
https://w3id.org/um/ken4256/hero/powersurge_illarion,POWERSURGE/ILLARION 
https://w3id.org/um/ken4256/hero/carnage_cletus_kasad,CARNAGE/CLETUS KASAD
https://w3id.org/um/ken4256/hero/churchill_sir_winst,"CHURCHILL, SIR WINST"
https://w3id.org/um/ken4256/hero/midnight_m_nai,MIDNIGHT/M'NAI
https://w3id.org/um/ken4256/hero/venom_eddie_brock,VENOM/EDDIE BROCK
https://w3id.org/um/ken4256/hero/connors_billy,"CONNORS, BILLY"
https://w3id.org/um/ken4256/hero/captain_america_iv_s,CAPTAIN AMERICA IV/S
https://w3id.org/um/ken4256/hero/deathlok_colonel_lut,DEATHLOK/COLONEL LUT
https://w3id.org/um/ken4256/hero/digger,DIGGER
https://w3id.org/um/ken4256/hero/dr_nemesis_dr_stoc,DR. NEMESIS/DR. STOC
https://w3id.org/um/ken4256/hero/hunt_jerry,"HUNT, JERRY"
https://w3id.org/um/ken4256/hero/hugin,HUGIN
https://w3id.org/um/ken4256/hero/indech,INDECH
https://w3id.org/um/ken4256/hero/jorro,JORRO
https://w3id.org/um/ken4256/hero/popeye,POPEYE
https://w3id.org/um/ken4256/hero/staples_edna_m_gra,"STAPLES, EDNA M. GRA"
https://w3id.org/um/ken4256/hero/supremor,SUPREMOR
https://w3id.org/um/ken4256/hero/zota_carlo,"ZOTA, CARLO"
https://w3id.org/um/ken4256/hero/yandroth,YANDROTH
https://w3id.org/um/ken4256/hero/firebrand_gary_gilbe,FIREBRAND/GARY GILBE
https://w3id.org/um/ken4256/hero/icon_dr_u_mbaya_a_k,ICON/DR. U'MBAYA A'K
https://w3id.org/um/ken4256/hero/ikthon,IKTHON
https://w3id.org/um/ken4256/hero/knight_errant_matson,KNIGHT ERRANT/MATSON
https://w3id.org/um/ken4256/hero/ralf,RALF
https://w3id.org/um/ken4256/hero/savannah_lou_ann,"SAVANNAH, LOU-ANN"
https://w3id.org/um/ken4256/hero/serestus,SERESTUS
https://w3id.org/um/ken4256/hero/taylor_jack,"TAYLOR, JACK"
https://w3id.org/um/ken4256/hero/turk,TURK
https://w3id.org/um/ken4256/hero/viper_jordon_dixon,VIPER/JORDON DIXON
https://w3id.org/um/ken4256/hero/wolf_spirit_owayodat,WOLF SPIRIT/OWAYODAT
https://w3id.org/um/ken4256/hero/damballah_ii,DAMBALLAH II
https://w3id.org/um/ken4256/hero/fantasma,FANTASMA
https://w3id.org/um/ken4256/hero/fleming_philip,"FLEMING, PHILIP"
https://w3id.org/um/ken4256/hero/hate_monger_v,HATE-MONGER V
https://w3id.org/um/ken4256/hero/isley_lynn,"ISLEY, LYNN"
https://w3id.org/um/ken4256/hero/kala,KALA
https://w3id.org/um/ken4256/hero/kline_mr,"KLINE, MR."
https://w3id.org/um/ken4256/hero/kryzewski_leonard_m,"KRYZEWSKI, LEONARD M"
https://w3id.org/um/ken4256/hero/nova_doppelganger,NOVA DOPPELGANGER
https://w3id.org/um/ken4256/hero/sibercat,SIBERCAT/
https://w3id.org/um/ken4256/hero/t_kyll_alabar,T'KYLL ALABAR
https://w3id.org/um/ken4256/hero/wang_li,"WANG, LI"
https://w3id.org/um/ken4256/hero/dr_faustus,DR. FAUSTUS
https://w3id.org/um/ken4256/hero/fin_peter_noble,FIN/PETER NOBLE
https://w3id.org/um/ken4256/hero/lequarre_gerry,"LEQUARRE, GERRY"
https://w3id.org/um/ken4256/hero/tiamat,TIAMAT
https://w3id.org/um/ken4256/hero/miss_itch_bliss,MISS ITCH/BLISS
https://w3id.org/um/ken4256/hero/mr_scratch_ii_bliss,MR. SCRATCH II/BLISS
https://w3id.org/um/ken4256/hero/spider_man_iii_marth,SPIDER-MAN III/MARTH
https://w3id.org/um/ken4256/hero/jamesley_aloysius_r,"JAMESLEY, ALOYSIUS R"
https://w3id.org/um/ken4256/hero/kosinski_harley,"KOSINSKI, HARLEY"
https://w3id.org/um/ken4256/hero/taurey_sir_william,"TAUREY, SIR WILLIAM"
https://w3id.org/um/ken4256/hero/bloodwraith_sean_dol,BLOODWRAITH/SEAN DOL
https://w3id.org/um/ken4256/hero/pagan,PAGAN
https://w3id.org/um/ken4256/hero/blue_bullet_prof_jo,BLUE BULLET/PROF. JO
https://w3id.org/um/ken4256/hero/blue_diamond_profess,BLUE DIAMOND/PROFESS
https://w3id.org/um/ken4256/hero/jack_frost,JACK FROST/
https://w3id.org/um/ken4256/hero/krieghund_col,"KRIEGHUND, COL."
https://w3id.org/um/ken4256/hero/patriot_jeff_mace,PATRIOT/JEFF MACE
https://w3id.org/um/ken4256/hero/thin_man_bruce_dicks,THIN MAN/BRUCE DICKS
https://w3id.org/um/ken4256/hero/kligger_sen_eugene,KLIGGER/SEN. EUGENE 
https://w3id.org/um/ken4256/hero/brothers_grimm_ii_ba,BROTHERS GRIMM II/BA
https://w3id.org/um/ken4256/hero/crossfire,CROSSFIRE
https://w3id.org/um/ken4256/hero/knick_knack,KNICK KNACK
https://w3id.org/um/ken4256/hero/oddball_elton_healey,ODDBALL/ELTON HEALEY
https://w3id.org/um/ken4256/hero/ringleader,RINGLEADER
https://w3id.org/um/ken4256/hero/tenpin_alvin_healey,TENPIN/ALVIN HEALEY
https://w3id.org/um/ken4256/hero/genuardi_mr,"GENUARDI, MR."
https://w3id.org/um/ken4256/hero/ramirez_alma,"RAMIREZ, ALMA"
https://w3id.org/um/ken4256/hero/ramirez_luis,"RAMIREZ, LUIS"
https://w3id.org/um/ken4256/hero/ramirez_marta,"RAMIREZ, MARTA"
https://w3id.org/um/ken4256/hero/chadwick_cheer,"CHADWICK, CHEER"
https://w3id.org/um/ken4256/hero/chadwick_dr_hesper,"CHADWICK, DR. HESPER"
https://w3id.org/um/ken4256/hero/taurey_william_malc,"TAUREY, WILLIAM MALC"
https://w3id.org/um/ken4256/hero/skin_ii_donna_bliss,SKIN II/DONNA BLISS
https://w3id.org/um/ken4256/hero/kappelbaum_mrs,"KAPPELBAUM, MRS."
https://w3id.org/um/ken4256/hero/vermin_edward_whelan,VERMIN/EDWARD WHELAN
https://w3id.org/um/ken4256/hero/bora,BORA
https://w3id.org/um/ken4256/hero/painter_wilhelm_von,PAINTER/WILHELM VON 
https://w3id.org/um/ken4256/hero/spark,SPARK
https://w3id.org/um/ken4256/hero/cerberus,CERBERUS
https://w3id.org/um/ken4256/hero/mastermind_iii,MASTERMIND III
https://w3id.org/um/ken4256/hero/braddock_james_jr,"BRADDOCK, JAMES JR. "
https://w3id.org/um/ken4256/hero/hunter_lance,"HUNTER, LANCE"
https://w3id.org/um/ken4256/hero/bradley_hank,"BRADLEY, HANK"
https://w3id.org/um/ken4256/hero/case_col_preston,"CASE, COL. PRESTON"
https://w3id.org/um/ken4256/hero/firebug,FIREBUG/
https://w3id.org/um/ken4256/hero/loga,LOGA
https://w3id.org/um/ken4256/hero/calculus_jahaharel_p,CALCULUS/JAHAHAREL P
https://w3id.org/um/ken4256/hero/hitchuck_kelly,"HITCHUCK, KELLY"
https://w3id.org/um/ken4256/hero/needle,NEEDLE
https://w3id.org/um/ken4256/hero/tatterdemalion,TATTERDEMALION/
https://w3id.org/um/ken4256/hero/vibro_dr_francis_vi,VIBRO/DR. FRANCIS VI
https://w3id.org/um/ken4256/hero/brunnhilde_mcm_xli,BRUNNHILDE/MCM-XLI (
https://w3id.org/um/ken4256/hero/donar,DONAR
https://w3id.org/um/ken4256/hero/brutacus,BRUTACUS
https://w3id.org/um/ken4256/hero/daboia_russell,"DABOIA, RUSSELL"
https://w3id.org/um/ken4256/hero/gazelle,GAZELLE
https://w3id.org/um/ken4256/hero/grant_donald,"GRANT, DONALD"
https://w3id.org/um/ken4256/hero/reptilla,REPTILLA
https://w3id.org/um/ken4256/hero/thornn,THORNN
https://w3id.org/um/ken4256/hero/vertigo,VERTIGO
https://w3id.org/um/ken4256/hero/captain_wings,CAPTAIN WINGS/
https://w3id.org/um/ken4256/hero/druid_dredmund_cromw,DRUID/DREDMUND CROMW
https://w3id.org/um/ken4256/hero/frankenstein_basil,"FRANKENSTEIN, BASIL"
https://w3id.org/um/ken4256/hero/ghost_girl,GHOST GIRL/
https://w3id.org/um/ken4256/hero/green_james,"GREEN, JAMES"
https://w3id.org/um/ken4256/hero/hawley_pamela,"HAWLEY, PAMELA"
https://w3id.org/um/ken4256/hero/king_george_vi,KING GEORGE VI
https://w3id.org/um/ken4256/hero/manelli_dino,"MANELLI, DINO"
https://w3id.org/um/ken4256/hero/raymond_fred,"RAYMOND, FRED"
https://w3id.org/um/ken4256/hero/raymond_nora_jones,"RAYMOND, NORA JONES"
https://w3id.org/um/ken4256/hero/reaper,REAPER
https://w3id.org/um/ken4256/hero/roosevelt_franklin,"ROOSEVELT, FRANKLIN "
https://w3id.org/um/ken4256/hero/spirit_of_76_willia,SPIRIT OF '76/WILLIA
https://w3id.org/um/ken4256/hero/bucky_vii_rikki_barn,BUCKY VII/RIKKI BARN
https://w3id.org/um/ken4256/hero/tilton_roland_r,"TILTON, ROLAND R."
https://w3id.org/um/ken4256/hero/hoard_josh,"HOARD, JOSH"
https://w3id.org/um/ken4256/hero/ridgeway_dawn,"RIDGEWAY, DAWN"
https://w3id.org/um/ken4256/hero/jerome_jason,"JEROME, JASON"
https://w3id.org/um/ken4256/hero/hardy_stan,"HARDY, STAN"
https://w3id.org/um/ken4256/hero/kwan_terry,"KWAN, TERRY"
https://w3id.org/um/ken4256/hero/stone_chantal,"STONE, CHANTAL"
https://w3id.org/um/ken4256/hero/thorson_dr_walter,"THORSON, DR. WALTER"
https://w3id.org/um/ken4256/hero/guladkin,GULADKIN
https://w3id.org/um/ken4256/hero/callaghan_james,"CALLAGHAN, JAMES"
https://w3id.org/um/ken4256/hero/carrera_mia,"CARRERA, MIA"
https://w3id.org/um/ken4256/hero/chakara_madan,"CHAKARA, MADAN"
https://w3id.org/um/ken4256/hero/david_peter,"DAVID, PETER"
https://w3id.org/um/ken4256/hero/de_la_salle_beatric,"DE LA SALLE, BEATRIC"
https://w3id.org/um/ken4256/hero/dead_ringer_lou,DEAD RINGER/LOU
https://w3id.org/um/ken4256/hero/dean_betty,"DEAN, BETTY"
https://w3id.org/um/ken4256/hero/dekker_general_lyle,"DEKKER, GENERAL LYLE"
https://w3id.org/um/ken4256/hero/demolition_man_doppe,DEMOLITION MAN DOPPE
https://w3id.org/um/ken4256/hero/domino_ii,DOMINO II
https://w3id.org/um/ken4256/hero/donohue_trevor,"DONOHUE, TREVOR"
https://w3id.org/um/ken4256/hero/dr_spectrum_iii_rev,DR. SPECTRUM III/REV
https://w3id.org/um/ken4256/hero/duffy_sgt_mike,"DUFFY, SGT. MIKE"
https://w3id.org/um/ken4256/hero/duner_major,"DUNER, MAJOR"
https://w3id.org/um/ken4256/hero/fantasia,FANTASIA
https://w3id.org/um/ken4256/hero/fitzpatrick_will,"FITZPATRICK, WILL"
https://w3id.org/um/ken4256/hero/garcia_rev,"GARCIA, REV."
https://w3id.org/um/ken4256/hero/gladiatrix,GLADIATRIX
https://w3id.org/um/ken4256/hero/gron,GRON
https://w3id.org/um/ken4256/hero/hager_general,"HAGER, GENERAL"
https://w3id.org/um/ken4256/hero/ice_worm,ICE WORM
https://w3id.org/um/ken4256/hero/jester_iii,JESTER III
https://w3id.org/um/ken4256/hero/kitchener_chief_ins,"KITCHENER, CHIEF INS"
https://w3id.org/um/ken4256/hero/kraus_dr_freideric,"KRAUS, DR. FREIDERIC"
https://w3id.org/um/ken4256/hero/kurov_wassily,"KUROV, WASSILY"
https://w3id.org/um/ken4256/hero/lansing_cheryl,"LANSING, CHERYL"
https://w3id.org/um/ken4256/hero/latham_jorge,"LATHAM, JORGE"
https://w3id.org/um/ken4256/hero/leopold_archer,"LEOPOLD, ARCHER"
https://w3id.org/um/ken4256/hero/leviathan_iv,LEVIATHAN IV
https://w3id.org/um/ken4256/hero/love,LOVE
https://w3id.org/um/ken4256/hero/ludi,LUDI
https://w3id.org/um/ken4256/hero/madame_masque_iv,MADAME MASQUE IV
https://w3id.org/um/ken4256/hero/manning_dr,"MANNING, DR."
https://w3id.org/um/ken4256/hero/master_man_ii_alexan,MASTER MAN II/ALEXAN
https://w3id.org/um/ken4256/hero/mcgiveney_bull,"MCGIVENEY, BULL"
https://w3id.org/um/ken4256/hero/micawber_tristram,"MICAWBER, TRISTRAM"
https://w3id.org/um/ken4256/hero/michel_rafe,"MICHEL, RAFE"
https://w3id.org/um/ken4256/hero/montgomery_sir_bern,"MONTGOMERY, SIR BERN"
https://w3id.org/um/ken4256/hero/mosley_warden,"MOSLEY, WARDEN"
https://w3id.org/um/ken4256/hero/nacht_herr,"NACHT, HERR"
https://w3id.org/um/ken4256/hero/nichols_lorna,"NICHOLS, LORNA"
https://w3id.org/um/ken4256/hero/night_phantom_ii,NIGHT PHANTOM II
https://w3id.org/um/ken4256/hero/phosphorus,PHOSPHORUS
https://w3id.org/um/ken4256/hero/pinkerton_percival,"PINKERTON, PERCIVAL "
https://w3id.org/um/ken4256/hero/princess_fen_atlant,PRINCESS FEN [ATLANT
https://w3id.org/um/ken4256/hero/queen_knorda_nora_qu,QUEEN KNORDA/NORA QU
https://w3id.org/um/ken4256/hero/red_shift,RED SHIFT
https://w3id.org/um/ken4256/hero/rogue_doppelganger,ROGUE DOPPELGANGER
https://w3id.org/um/ken4256/hero/runciter_gail,"RUNCITER, GAIL"
https://w3id.org/um/ken4256/hero/scarbo,SCARBO
https://w3id.org/um/ken4256/hero/scarlet_scarab_dr_f,SCARLET SCARAB/DR. F
https://w3id.org/um/ken4256/hero/sentry_ii_bob_reynol,SENTRY II/BOB REYNOL
https://w3id.org/um/ken4256/hero/storm_chili,"STORM, CHILI"
https://w3id.org/um/ken4256/hero/suwan,SUWAN
https://w3id.org/um/ken4256/hero/terraxia,TERRAXIA
https://w3id.org/um/ken4256/hero/teutonic_knight_fran,TEUTONIC KNIGHT/FRAN
https://w3id.org/um/ken4256/hero/tolliver_sheriff_jo,"TOLLIVER, SHERIFF JO"
https://w3id.org/um/ken4256/hero/tumbler_john_robert,TUMBLER/JOHN ROBERT 
https://w3id.org/um/ken4256/hero/tycho,TYCHO
https://w3id.org/um/ken4256/hero/veda,VEDA
https://w3id.org/um/ken4256/hero/virtual_reality,VIRTUAL REALITY
https://w3id.org/um/ken4256/hero/wargod_mora_hager,WARGOD/MORA HAGER
https://w3id.org/um/ken4256/hero/weason_senator,"WEASON, SENATOR"
https://w3id.org/um/ken4256/hero/wilburn_myron,"WILBURN, MYRON"
https://w3id.org/um/ken4256/hero/yellow_claw_robot,YELLOW CLAW ROBOT
